id,PA2,AccVal,val
lyonb003,2,0.495590,0.2477950000
rodrf003,2,0.380600,0.1903000000
englj001,1,0.136370,0.1363700000
bocob001,5,0.372530,0.0745060000
peacb001,5,0.372530,0.0745060000
lerea001,2,0.136370,0.0681850000
atkim001,2,0.136370,0.0681850000
ogana001,6,0.355700,0.0592833333
pavac001,16,0.753130,0.0470706250
britz001,8,0.372530,0.0465662500
diamt001,8,0.368420,0.0460525000
monac001,18,0.760730,0.0422627778
badeb001,11,0.464350,0.0422136364
rodrj003,15,0.574980,0.0383320000
mainj001,15,0.538010,0.0358673333
hoovp001,26,0.864170,0.0332373077
smitg002,16,0.528820,0.0330512500
garnc001,12,0.387470,0.0322891667
vargj001,16,0.504790,0.0315493750
valdr002,18,0.565280,0.0314044444
eveld001,12,0.368420,0.0307016667
hochl001,8,0.237130,0.0296412500
tomlj001,7,0.206560,0.0295085714
wilsc004,31,0.910540,0.0293722581
reyng001,21,0.609660,0.0290314286
floyg001,13,0.368420,0.0283400000
baldr001,29,0.799850,0.0275810345
dankj001,14,0.372530,0.0266092857
raleb001,15,0.386870,0.0257913333
delar003,16,0.380600,0.0237875000
gomem001,116,2.740210,0.0236225000
martl003,1,0.022720,0.0227200000
fordd002,17,0.372530,0.0219135294
velag002,68,1.468160,0.0215905882
jimel001,18,0.376160,0.0208977778
hernf002,20,0.406120,0.0203060000
mejij001,19,0.370830,0.0195173684
doubf001,7,0.136370,0.0194814286
takah001,20,0.387730,0.0193865000
rohlr001,20,0.381040,0.0190520000
blumg001,313,5.829670,0.0186251438
sheeb001,21,0.387190,0.0184376190
boscj001,32,0.574980,0.0179681250
olses001,29,0.516970,0.0178265517
hensc002,21,0.372530,0.0177395238
suppj001,43,0.760010,0.0176746512
fifes001,28,0.491870,0.0175667857
ameza001,94,1.624710,0.0172841489
figaa001,12,0.206560,0.0172133333
frazj001,24,0.411540,0.0171475000
dinkb001,82,1.399750,0.0170701220
atill001,27,0.459670,0.0170248148
skagt001,22,0.372530,0.0169331818
mattg002,67,1.132480,0.0169026866
greet005,159,2.664370,0.0167570440
churr001,244,3.958800,0.0162245902
milot001,23,0.372530,0.0161969565
adamr003,102,1.641440,0.0160925490
darnc001,166,2.663060,0.0160425301
bernd001,66,1.052350,0.0159446970
werna001,15,0.237130,0.0158086667
blanj001,153,2.404550,0.0157160131
andeb005,71,1.110320,0.0156383099
hermj001,337,5.239490,0.0155474481
miscp001,9,0.139790,0.0155322222
tatif001,74,1.145450,0.0154790541
fryee001,50,0.769010,0.0153802000
hared001,125,1.876830,0.0150146400
lewic001,25,0.372530,0.0149012000
voger001,172,2.549270,0.0148213372
loewa001,38,0.560570,0.0147518421
hawkb001,19,0.276160,0.0145347368
loper001,106,1.538590,0.0145150000
canzr001,105,1.523940,0.0145137143
ordom001,751,10.857690,0.0144576431
pennb002,26,0.374360,0.0143984615
hoffm001,60,0.861340,0.0143556667
mcdoj004,164,2.345210,0.0143000610
moyej001,52,0.733530,0.0141063462
green001,115,1.607200,0.0139756522
schwc001,11,0.153640,0.0139672727
colec001,55,0.766060,0.0139283636
felij002,122,1.687410,0.0138312295
burrs001,140,1.936240,0.0138302857
abret001,440,6.009380,0.0136576818
almoe001,29,0.395250,0.0136293103
repkj001,309,4.196150,0.0135797735
belim001,14,0.189640,0.0135457143
lincb001,43,0.579090,0.0134672093
rodrh003,28,0.372530,0.0133046429
corbp001,116,1.539050,0.0132676724
shiej002,18,0.237130,0.0131738889
lee-c003,235,3.081220,0.0131115745
peguf001,47,0.613810,0.0130597872
browj006,114,1.486250,0.0130372807
gillc002,193,2.496000,0.0129326425
grosg002,255,3.270320,0.0128247843
sanca004,186,2.369390,0.0127386559
mangm001,41,0.518860,0.0126551220
burrb001,31,0.391620,0.0126329032
hoesl001,190,2.376310,0.0125068947
giavj001,451,5.606220,0.0124306430
gamem001,122,1.502530,0.0123158197
zambc001,144,1.761750,0.0122343750
towlj001,223,2.727630,0.0122315247
middw001,702,8.547240,0.0121755556
hudsk001,30,0.365090,0.0121696667
grudm001,125,1.520910,0.0121672800
coopd002,234,2.829500,0.0120918803
torrc001,32,0.383760,0.0119925000
hamij003,2664,31.574640,0.0118523423
wilsb002,456,5.402590,0.0118477851
fox-j001,281,3.327330,0.0118410320
glaut001,507,5.892890,0.0116230572
lynnl001,150,1.741160,0.0116077333
crawc002,1930,22.323990,0.0115668342
figun001,33,0.380130,0.0115190909
teixm001,2148,24.728280,0.0115122346
pie-f001,525,6.023220,0.0114728000
ransc001,583,6.680390,0.0114586449
harvm001,85,0.969830,0.0114097647
cahit001,137,1.557030,0.0113651825
felds001,51,0.578550,0.0113441176
valac001,143,1.615650,0.0112982517
montm001,2035,22.960920,0.0112830074
hamim001,67,0.754570,0.0112622388
pench001,2887,32.498820,0.0112569519
pedrd001,2623,29.425980,0.0112184445
cloyt001,36,0.401660,0.0111572222
kubej002,1927,21.422070,0.0111167981
rottv001,88,0.976960,0.0111018182
oeltt001,126,1.391120,0.0110406349
guilc001,379,4.170030,0.0110027177
cairm001,687,7.535660,0.0109689374
marsl001,827,9.028900,0.0109176542
poseb001,2032,22.151310,0.0109012352
berrq001,382,4.163760,0.0108998953
rodra001,1885,20.545660,0.0108995544
andre001,3069,33.395350,0.0108815086
gee-d001,180,1.956900,0.0108716667
eatoa002,389,4.220460,0.0108495116
golsg001,35,0.379270,0.0108362857
grany001,349,3.774990,0.0108165903
jackb002,145,1.562870,0.0107784138
navad002,1117,12.032370,0.0107720412
peree003,14,0.150710,0.0107650000
tosor001,197,2.116350,0.0107428934
mauej001,2187,23.458490,0.0107263329
gonzc001,2286,24.465650,0.0107023841
lavar001,295,3.149700,0.0106769492
cabrm002,2178,23.238580,0.0106696878
buckt001,295,3.147550,0.0106696610
martm003,406,4.325760,0.0106545813
roben001,35,0.372530,0.0106437143
bay-j001,1427,15.160100,0.0106237561
donaj001,1068,11.312710,0.0105924251
cunna001,371,3.928730,0.0105895687
carre001,413,4.353280,0.0105406295
wrigd002,2387,25.116710,0.0105222916
kaaik001,460,4.833390,0.0105073696
cabrm001,2903,30.492060,0.0105036376
ely-j001,36,0.377920,0.0104977778
capuc001,180,1.888060,0.0104892222
navad001,709,7.400270,0.0104376164
beltb001,1357,14.153410,0.0104299263
markn001,2685,27.974330,0.0104187449
schmk001,17,0.176360,0.0103741176
pereh001,73,0.755760,0.0103528767
cingt001,36,0.372530,0.0103480556
mcdod002,713,7.375290,0.0103440252
hollm001,2746,28.388680,0.0103381937
hughj001,3,0.030940,0.0103133333
cabra002,2372,24.462020,0.0103128246
dukez001,85,0.875120,0.0102955294
jay-j001,2193,22.570730,0.0102921705
gally001,302,3.100440,0.0102663576
huffc001,23,0.235640,0.0102452174
machm001,976,9.999240,0.0102451230
johnn001,206,2.105720,0.0102219417
pagaa001,2259,23.042650,0.0102003763
vottj001,2700,27.427160,0.0101582074
harrb001,244,2.469200,0.0101196721
ortid001,2344,23.644440,0.0100872184
maiem001,637,6.418270,0.0100757771
freed001,1954,19.665410,0.0100641812
jackc002,655,6.574350,0.0100371756
browd004,1063,10.665790,0.0100336689
corrk001,172,1.721660,0.0100096512
moort002,364,3.642860,0.0100078571
arrob001,296,2.961920,0.0100064865
gonzg003,154,1.539330,0.0099956494
braur002,2393,23.795980,0.0099439950
fielp001,3060,30.361580,0.0099220850
hallb001,610,6.038370,0.0098989672
harpb003,1147,11.347110,0.0098928596
bedae001,53,0.524100,0.0098886792
willj004,2173,21.380040,0.0098389508
bautj002,2370,23.306120,0.0098338059
snydb003,165,1.620160,0.0098191515
longe001,2433,23.864380,0.0098086231
parra001,238,2.333840,0.0098060504
jacke001,210,2.058610,0.0098029048
inglj001,194,1.900520,0.0097964948
sancf001,849,8.314750,0.0097935807
vittj001,114,1.116330,0.0097923684
felip001,441,4.314110,0.0097825624
bassa001,39,0.380130,0.0097469231
kempm001,2169,21.129160,0.0097414292
garcf002,28,0.272740,0.0097407143
martj005,14,0.136370,0.0097407143
hudso001,1380,13.406290,0.0097147029
martv001,1929,18.711590,0.0097001503
cuddm001,2263,21.928280,0.0096899160
morgn001,1391,13.433140,0.0096571819
baxtm001,423,4.078240,0.0096412293
joneg002,2187,21.076100,0.0096369913
sanca005,641,6.171140,0.0096273635
philb001,2804,26.985380,0.0096238873
snydb002,37,0.355630,0.0096116216
casha001,75,0.719440,0.0095925333
jonea003,2718,26.060790,0.0095882230
butlb003,2842,27.241720,0.0095854046
linct001,303,2.897350,0.0095622112
rizza001,1249,11.934890,0.0095555564
maybj001,1204,11.495190,0.0095475000
utlec001,2002,19.111460,0.0095461838
chatt001,77,0.734690,0.0095414286
scutm001,2536,24.195250,0.0095407137
triuc001,73,0.695880,0.0095326027
bushd001,65,0.618390,0.0095136923
heywj001,2265,21.539740,0.0095098190
lopef001,609,5.791310,0.0095095402
rodrw002,239,2.269800,0.0094970711
zobrb001,2886,27.400630,0.0094943278
tavew001,39,0.369970,0.0094864103
sanch002,428,4.056950,0.0094788551
tulot001,1952,18.485510,0.0094700359
huffa001,1452,13.727250,0.0094540289
gentc001,779,7.362760,0.0094515533
boesb001,1582,14.944800,0.0094467762
cainl001,891,8.413760,0.0094430527
laroa001,2116,19.976500,0.0094406900
troum001,1525,14.343770,0.0094057508
dempr002,181,1.698450,0.0093837017
paytj001,37,0.346800,0.0093729730
kellj001,84,0.787290,0.0093725000
leblw001,105,0.983710,0.0093686667
manzt001,290,2.710650,0.0093470690
keucd001,30,0.280340,0.0093446667
dirka001,1153,10.747820,0.0093216132
jaraj001,146,1.358060,0.0093017808
jonec004,1397,12.955380,0.0092737151
bourp001,1173,10.870110,0.0092669309
johnd004,295,2.732450,0.0092625424
herrc001,211,1.949360,0.0092386730
nadyx001,761,7.023370,0.0092291327
dozib001,998,9.196110,0.0092145391
hosme001,1921,17.699840,0.0092138678
ramih003,2116,19.475750,0.0092040406
molib001,470,4.316980,0.0091850638
huntt001,2721,24.943780,0.0091671371
kozmp001,673,6.159350,0.0091520802
bartd001,1315,12.024410,0.0091440380
reimn001,670,6.121690,0.0091368507
latom001,289,2.639570,0.0091334602
bartj001,1344,12.263640,0.0091247321
puntn001,1067,9.719710,0.0091093814
betew001,1099,10.010360,0.0091086078
ethia001,2432,22.088950,0.0090826275
falui001,97,0.880990,0.0090823711
uptoj001,2653,24.089780,0.0090802035
goldp001,1544,14.018670,0.0090794495
andel002,61,0.551570,0.0090421311
heltt001,1773,15.981760,0.0090139650
kendj001,515,4.641120,0.0090118835
granc001,2328,20.973740,0.0090093385
kaplg001,149,1.338850,0.0089855705
waina001,277,2.486430,0.0089762816
blank002,656,5.884130,0.0089697104
rasmc001,2225,19.949840,0.0089662202
beltc001,2279,20.428970,0.0089640061
dankj002,262,2.346640,0.0089566412
jonea002,845,7.552270,0.0089375976
varij001,383,3.422980,0.0089372846
rivej001,1372,12.257480,0.0089340233
coraa001,375,3.349690,0.0089325067
gonza003,2884,25.758150,0.0089313974
casts001,2692,24.015330,0.0089209993
adamm002,489,4.354930,0.0089057873
wellr001,119,1.059140,0.0089003361
quino001,584,5.193730,0.0088933733
cruzt002,341,3.032640,0.0088933724
gomey001,449,3.988510,0.0088830958
andir001,1143,10.143310,0.0088742870
kendh001,2436,21.615770,0.0088734688
bellr002,192,1.702710,0.0088682813
rutlj001,624,5.532400,0.0088660256
lawrb002,1193,10.547320,0.0088410059
smoaj001,1989,17.579700,0.0088384615
pachj001,884,7.795220,0.0088181222
altuj001,1604,14.143980,0.0088179426
greiz001,191,1.682500,0.0088089005
helmw001,418,3.677540,0.0087979426
rodri001,581,5.105830,0.0087880034
zawal001,44,0.386620,0.0087868182
berkl001,1606,14.099720,0.0087794022
belta001,2677,23.492440,0.0087756593
byrdm001,1924,16.865070,0.0087656289
duncs001,865,7.577800,0.0087604624
pujoa001,2634,23.072740,0.0087595824
soria001,2372,20.755680,0.0087502867
valdj002,354,3.091020,0.0087316949
rossc001,2020,17.557100,0.0086916337
wallb001,1116,9.698680,0.0086905735
montj003,760,6.593910,0.0086761974
may-l001,41,0.355630,0.0086739024
sardd001,86,0.745370,0.0086670930
casia001,1027,8.896120,0.0086622395
rosaa001,634,5.484240,0.0086502208
kawam001,418,3.613890,0.0086456699
damoj001,1583,13.677290,0.0086401074
marrc001,142,1.226860,0.0086398592
emaub001,44,0.380130,0.0086393182
snidt001,1029,8.886460,0.0086360155
hefnj001,65,0.560810,0.0086278462
carpm002,1188,10.244620,0.0086234175
penac001,2225,19.178800,0.0086196854
santr002,1229,10.592410,0.0086187225
spilr001,630,5.423610,0.0086089048
walkn001,2337,20.105030,0.0086029226
gibbj002,147,1.264240,0.0086002721
therr001,1609,13.794690,0.0085734556
guerv001,1340,11.487570,0.0085728134
ramia003,2730,23.388030,0.0085670440
moreb001,697,5.970320,0.0085657389
avilm001,1753,15.014630,0.0085651055
headc001,2532,21.591860,0.0085275908
jimeu001,136,1.159080,0.0085226471
colvt001,1182,10.071220,0.0085204907
brucj001,2679,22.817530,0.0085171818
stule002,107,0.909980,0.0085044860
mcclk001,47,0.399450,0.0084989362
stewi001,803,6.822030,0.0084956787
johnr008,927,7.863770,0.0084830313
younc004,2161,18.330880,0.0084825914
gomej001,1764,14.951740,0.0084760431
ellim001,2083,17.652230,0.0084744263
lonej001,2401,20.319470,0.0084629196
frazt001,1233,10.427650,0.0084571371
linda001,2081,17.572880,0.0084444402
murpd005,2049,17.299100,0.0084427038
hartc001,1883,15.884720,0.0084358577
peraj001,2418,20.388170,0.0084318321
keppj001,1944,16.323400,0.0083968107
sweer001,1095,9.178730,0.0083824018
milll002,430,3.603270,0.0083796977
yound003,2249,18.815480,0.0083661538
escoa003,2550,21.281170,0.0083455569
lobaj001,570,4.754270,0.0083408246
jennd002,1556,12.971550,0.0083364717
barnd001,1862,15.519770,0.0083350000
rossd001,674,5.614950,0.0083307864
mornj001,1909,15.901810,0.0083299162
reynm001,2356,19.619900,0.0083276316
cruzl001,517,4.292700,0.0083030948
rogee002,61,0.506450,0.0083024590
beacb001,102,0.845270,0.0082869608
moliy001,2396,19.840120,0.0082805175
younm003,2928,24.230390,0.0082754064
ariaj001,741,6.117660,0.0082559514
cervf001,542,4.472830,0.0082524539
ludwr001,1812,14.949030,0.0082500166
zaung001,119,0.981520,0.0082480672
satij001,263,2.164640,0.0082305703
freef001,1980,16.286910,0.0082257121
hairj002,1447,11.885800,0.0082140981
lucyd001,29,0.237500,0.0081896552
rabur001,1407,11.522670,0.0081895309
holab001,47,0.384900,0.0081893617
ackld001,1525,12.467640,0.0081755016
getzc001,1158,9.463120,0.0081719516
nicaj001,100,0.817160,0.0081716000
bogub001,800,6.526120,0.0081576500
evera001,158,1.285670,0.0081371519
peguc001,230,1.870880,0.0081342609
bloow001,1121,9.110180,0.0081268332
craia001,1584,12.865350,0.0081220644
kipnj001,1545,12.543020,0.0081184595
branr002,370,2.999550,0.0081068919
youne003,1229,9.961310,0.0081052156
reddj001,1549,12.541640,0.0080966043
infao001,2395,19.387530,0.0080950021
stanm004,2057,16.641860,0.0080903549
murpd006,1805,14.573700,0.0080740720
wiggt001,1566,12.629190,0.0080646169
kenna001,1048,8.447430,0.0080605248
morrl001,1550,12.491040,0.0080587355
santc002,2198,17.709160,0.0080569427
mortc002,147,1.182850,0.0080465986
bernr001,1344,10.812020,0.0080446577
carrb001,99,0.796410,0.0080445455
volqe001,170,1.367180,0.0080422353
ramia001,2213,17.752830,0.0080220651
richc002,199,1.596140,0.0080208040
franj004,2120,16.993640,0.0080158679
davir003,1810,14.495150,0.0080083702
blanh001,497,3.968220,0.0079843461
howar001,2044,16.304080,0.0079765558
hardj003,2416,19.270090,0.0079760306
rober002,1337,10.648940,0.0079648018
milea001,655,5.216890,0.0079647176
torry001,1250,9.955220,0.0079641760
gomec002,1684,13.407500,0.0079616983
jacom001,53,0.421710,0.0079567925
sancj002,116,0.922340,0.0079512069
mccua001,2800,22.249940,0.0079464071
cespy001,1193,9.479970,0.0079463286
cataf001,26,0.206560,0.0079446154
riosa002,2590,20.574790,0.0079439344
tejar001,1403,11.137990,0.0079386957
nieuk001,431,3.421290,0.0079380278
wilsm002,28,0.221760,0.0079200000
johnr009,528,4.176490,0.0079100189
rhymw001,467,3.693870,0.0079097859
whita001,48,0.379590,0.0079081250
canor001,2943,23.265840,0.0079054842
joycm001,1838,14.520990,0.0079004298
pierj002,2267,17.832990,0.0078663388
hanst001,181,1.421430,0.0078532044
scalb001,20,0.157060,0.0078530000
paulr001,670,5.261300,0.0078526866
guyeb001,50,0.392580,0.0078516000
cowgc001,388,3.045780,0.0078499485
smits002,1876,14.715340,0.0078439979
gimeh001,104,0.815520,0.0078415385
youkk001,1634,12.775330,0.0078184394
martl002,88,0.687470,0.0078121591
staim001,195,1.520980,0.0077998974
swisn001,2731,21.290630,0.0077959099
lowrj001,1666,12.977770,0.0077897779
descd001,1320,10.280080,0.0077879394
hudsd001,130,1.012360,0.0077873846
procs001,3,0.023360,0.0077866667
cozaz001,1325,10.313930,0.0077840981
davii001,1784,13.882930,0.0077819114
escoy001,2456,19.106650,0.0077795806
denoc001,1636,12.712900,0.0077707213
navae001,18,0.139790,0.0077661111
ellsj001,1885,14.637630,0.0077653210
posaj001,915,7.102920,0.0077627541
johnc003,1896,14.712510,0.0077597627
haraa001,178,1.380630,0.0077563483
cainm001,328,2.542830,0.0077525305
gonzm002,465,3.602580,0.0077474839
mcbrm002,86,0.665670,0.0077403488
suttd002,240,1.855390,0.0077307917
bowkj001,201,1.551050,0.0077166667
seguj002,832,6.419590,0.0077158534
abreb001,1586,12.226320,0.0077089029
uggld001,2597,19.987090,0.0076962226
yound004,211,1.622560,0.0076898578
shucj001,585,4.498280,0.0076893675
rosaw001,988,7.587370,0.0076795243
fowld001,2166,16.610480,0.0076687350
presa001,850,6.514320,0.0076639059
wortd001,251,1.921340,0.0076547410
stamc001,60,0.458980,0.0076496667
gonza002,1496,11.434650,0.0076434826
herng001,180,1.375110,0.0076395000
castj006,1048,8.002640,0.0076361069
lairg001,781,5.953880,0.0076234059
zitob001,202,1.539730,0.0076224257
kouzk001,866,6.591410,0.0076113279
marqj001,158,1.201620,0.0076051899
thomj002,909,6.906140,0.0075975138
ibanr001,2263,17.180060,0.0075917190
dobbg001,1272,9.652080,0.0075881132
chave001,904,6.857690,0.0075859403
seagk001,1601,12.140530,0.0075830918
hudst001,289,2.190960,0.0075811765
hafnt001,1458,11.052470,0.0075805693
wellv001,1958,14.837950,0.0075781154
phelc001,126,0.954280,0.0075736508
vizqo001,794,6.010050,0.0075693325
branr001,609,4.608770,0.0075677668
johne002,828,6.261150,0.0075617754
hecha001,738,5.571570,0.0075495528
moraj002,118,0.889670,0.0075395763
guilj001,587,4.422710,0.0075344293
gardb001,1922,14.467100,0.0075271072
pennc001,2017,15.158880,0.0075155578
konep001,2515,18.864480,0.0075007873
morem001,1688,12.636790,0.0074862500
dejed001,2007,15.013060,0.0074803488
willr004,217,1.621760,0.0074735484
navao001,25,0.186500,0.0074600000
jackr005,25,0.186220,0.0074488000
maybc001,1536,11.418770,0.0074340951
quenc001,1723,12.797910,0.0074276901
sancg001,2023,15.014680,0.0074219871
saltj001,1405,10.409580,0.0074089537
kalir001,288,2.132880,0.0074058333
vicid001,1262,9.326030,0.0073898811
turnj001,943,6.967030,0.0073881548
victs001,2642,19.519260,0.0073880621
zimmr001,2429,17.934440,0.0073834664
hilla001,2297,16.947610,0.0073781498
trumm001,1912,14.099530,0.0073742312
martj006,1014,7.458520,0.0073555424
betay001,1917,14.075580,0.0073425039
millj004,74,0.543320,0.0073421622
fontm001,660,4.841710,0.0073359242
minom001,179,1.312880,0.0073345251
paulx001,752,5.511230,0.0073287633
milew001,164,1.200240,0.0073185366
crowt001,718,5.246280,0.0073067967
alleb001,283,2.067790,0.0073066784
carda001,72,0.524650,0.0072868056
carrj001,1789,13.034150,0.0072857183
profj001,357,2.598600,0.0072789916
ramim002,348,2.532240,0.0072765517
johnk003,2371,17.252350,0.0072764024
miraj001,283,2.058400,0.0072734982
recka001,234,1.701890,0.0072730342
russk001,55,0.399620,0.0072658182
aybae001,2390,17.362800,0.0072647699
guzmj005,955,6.931750,0.0072583770
gorda001,2522,18.293020,0.0072533783
bellj004,292,2.116710,0.0072490068
thamm001,340,2.461920,0.0072409412
humbp001,11,0.079540,0.0072309091
bourm001,2664,19.242540,0.0072231757
dysoj001,719,5.183520,0.0072093463
mossb001,894,6.429650,0.0071920022
doumr001,1801,12.952110,0.0071916213
jacka001,2789,20.053810,0.0071903227
bakej001,839,6.013910,0.0071679499
edmoj001,279,1.998920,0.0071645878
paulf001,34,0.243540,0.0071629412
worlv001,96,0.687510,0.0071615625
hernl003,138,0.988280,0.0071614493
ojeda001,93,0.665350,0.0071543011
drews001,1958,14.006030,0.0071532329
avila001,1858,13.285020,0.0071501722
rente001,663,4.735260,0.0071421719
dudal001,1323,9.433810,0.0071306198
olivm001,1377,9.818110,0.0071300726
weekr001,2466,17.556030,0.0071192336
donaj002,614,4.369310,0.0071161401
bakej002,380,2.699030,0.0071027105
heisc001,1194,8.466100,0.0070905360
forsl001,812,5.754230,0.0070864901
hannj001,865,6.124680,0.0070805549
burre001,320,2.264120,0.0070753750
ruf-d001,337,2.383300,0.0070721068
parej002,407,2.875070,0.0070640541
narvc001,124,0.874880,0.0070554839
branm003,2105,14.851250,0.0070552257
wertj001,2308,16.279590,0.0070535485
leakm001,274,1.931600,0.0070496350
napom001,2129,15.004250,0.0070475575
ellia001,1277,8.989210,0.0070393187
ramiw001,122,0.858110,0.0070336885
greet004,649,4.564430,0.0070330200
derom001,562,3.943390,0.0070167082
holtb002,147,1.031020,0.0070137415
arenj001,1447,10.138130,0.0070063096
peres002,1023,7.158030,0.0069970968
kotsm001,990,6.925640,0.0069955960
figgc001,1270,8.878370,0.0069908425
norrd001,565,3.945470,0.0069831327
ryalr001,226,1.577270,0.0069790708
stewc001,722,5.037210,0.0069767452
ingeb001,1397,9.741410,0.0069730923
alony001,1154,8.041980,0.0069687868
sandp001,2255,15.697200,0.0069610643
weekj001,993,6.910700,0.0069594159
snydc002,807,5.615540,0.0069585378
sweem002,176,1.223130,0.0069496023
kenni001,292,2.022560,0.0069265753
barmc001,1823,12.610950,0.0069176906
pradm001,2710,18.746430,0.0069175018
schin001,1438,9.945000,0.0069158554
suzui001,2781,19.227520,0.0069138871
encae001,2219,15.334240,0.0069104281
gorzt001,105,0.725360,0.0069081905
beckg001,2155,14.885640,0.0069074896
kelld001,970,6.696980,0.0069041031
matsh001,1298,8.958250,0.0069015794
younc003,54,0.372530,0.0068987037
grifk002,112,0.771480,0.0068882143
schus001,1683,11.591460,0.0068873797
santj003,110,0.757540,0.0068867273
gregd001,437,3.007670,0.0068825400
davic003,1657,11.392930,0.0068756367
martr004,1993,13.614670,0.0068312444
dewib001,798,5.448160,0.0068272682
hernr002,973,6.634760,0.0068188695
guzmc001,415,2.824040,0.0068049157
desmi001,2514,17.047060,0.0067808512
espid001,1672,11.326080,0.0067739713
hundn001,1296,8.778170,0.0067732793
nolar001,264,1.787960,0.0067725758
iztum001,1506,10.195190,0.0067697145
stubd001,2376,16.065220,0.0067614562
lougd001,414,2.797770,0.0067578986
reyej001,2375,16.036930,0.0067523916
mcgec001,1680,11.328860,0.0067433690
ankir001,1008,6.784910,0.0067310615
florp001,629,4.233420,0.0067303975
kinsi001,2793,18.782620,0.0067248908
romia002,180,1.209110,0.0067172778
kottg001,756,5.077100,0.0067157407
cartc001,183,1.225710,0.0066978689
molij001,1007,6.733270,0.0066864647
luebc001,55,0.366190,0.0066580000
barar001,1079,7.146610,0.0066233642
hamec001,310,2.052800,0.0066219355
mahop002,253,1.674220,0.0066174704
ecksd001,515,3.405780,0.0066131650
cantj001,720,4.752940,0.0066013056
lucrj001,1809,11.934070,0.0065970536
mathj001,1031,6.795190,0.0065908729
lapom001,903,5.945160,0.0065837874
gonza005,600,3.950010,0.0065833500
wised001,544,3.574730,0.0065711949
lee-d002,1161,7.628180,0.0065703531
murpd004,451,2.962610,0.0065689800
herrj002,1082,7.089180,0.0065519224
plout001,1401,9.178920,0.0065516916
mclon001,1564,10.223810,0.0065369629
navay001,205,1.339980,0.0065364878
keara001,873,5.705000,0.0065349370
happj001,124,0.809110,0.0065250806
lee-c001,2001,13.018050,0.0065057721
mousm001,1545,10.040550,0.0064987379
thame001,696,4.515420,0.0064876724
lopej003,1155,7.478040,0.0064744935
chisl001,703,4.545080,0.0064652632
pears001,489,3.140290,0.0064218609
martl004,589,3.781470,0.0064201528
lohsk001,274,1.758050,0.0064162409
parrg001,2044,13.110200,0.0064139922
dunna001,2507,16.069290,0.0064097686
hinse001,808,5.164370,0.0063915470
jasoj001,1365,8.719870,0.0063881832
blacc001,489,3.123820,0.0063881800
garcj004,209,1.335000,0.0063875598
mccab002,2082,13.297030,0.0063866619
iglej001,510,3.255620,0.0063835686
reveb001,1432,9.136440,0.0063801955
redmm001,69,0.439420,0.0063684058
rollj001,2515,15.992150,0.0063587078
rodrs002,1455,9.240450,0.0063508247
valed001,1294,8.211820,0.0063460742
polap001,1995,12.655390,0.0063435539
tabaj002,1588,10.072530,0.0063429030
kotcc001,1615,10.228700,0.0063335604
calla001,2255,14.255740,0.0063218359
burrp001,729,4.605760,0.0063179150
brigr001,754,4.763680,0.0063178780
uptob001,2459,15.530580,0.0063158113
saunj001,151,0.951490,0.0063012583
lidda001,190,1.196250,0.0062960526
scotl001,1430,8.970370,0.0062729860
crisc001,2129,13.310500,0.0062519962
franj005,768,4.793130,0.0062410547
piera001,2109,13.096660,0.0062098909
wietm001,2309,14.338400,0.0062097878
bumgm001,275,1.706210,0.0062044000
pridj001,263,1.628070,0.0061903802
uribj002,1610,9.928480,0.0061667578
marcs001,158,0.971320,0.0061475949
drewj001,845,5.194000,0.0061467456
geruj001,78,0.478900,0.0061397436
nisht001,259,1.589080,0.0061354440
torra001,1814,11.116420,0.0061281257
valdw001,892,5.460350,0.0061214686
lowed001,142,0.868850,0.0061186620
harrw001,626,3.829910,0.0061180671
franb001,776,4.747430,0.0061178222
bourj001,484,2.953110,0.0061014669
choos001,2505,15.274470,0.0060975928
wellc001,786,4.792700,0.0060975827
lahab001,474,2.889680,0.0060963713
lylej001,82,0.499170,0.0060874390
cartc002,1006,6.110040,0.0060735984
tejam001,1234,7.493860,0.0060728201
consj001,241,1.461940,0.0060661411
morsm001,1695,10.280640,0.0060652743
ryanb002,1866,11.291710,0.0060512915
ruizc001,1785,10.770270,0.0060337647
willd003,42,0.253280,0.0060304762
cruzn002,2261,13.600100,0.0060150818
crawb001,1351,8.125190,0.0060142043
jeted001,2380,14.245240,0.0059853950
iztuc001,877,5.246820,0.0059826910
overl001,1725,10.316820,0.0059807652
nelsc001,849,5.065070,0.0059659246
wilsj002,538,3.208760,0.0059642379
blang001,1325,7.898340,0.0059610113
counc001,433,2.579570,0.0059574365
winnr001,242,1.440320,0.0059517355
castr002,211,1.253960,0.0059429384
fukuk001,1116,6.630800,0.0059415771
coghc001,1047,6.214840,0.0059358548
hessm001,67,0.396220,0.0059137313
nunee002,864,5.103740,0.0059071065
solad001,732,4.307840,0.0058850273
sierm001,282,1.658860,0.0058824823
clevs001,254,1.489680,0.0058648819
mckem001,622,3.641400,0.0058543408
ramow001,952,5.552920,0.0058328992
shopk001,874,5.097710,0.0058326201
woodb003,528,3.079050,0.0058315341
amara001,788,4.592010,0.0058274239
mercj002,464,2.702060,0.0058234052
sullc001,71,0.411560,0.0057966197
flowt001,592,3.426000,0.0057871622
downm001,542,3.125860,0.0057672694
blakc001,853,4.917440,0.0057648769
gloar001,272,1.556100,0.0057209559
gutif001,1359,7.764370,0.0057132965
suzuk001,1901,10.850400,0.0057077328
ruggj001,932,5.319020,0.0057071030
bardj001,218,1.243390,0.0057036239
germj001,24,0.136610,0.0056920833
younm004,64,0.364180,0.0056903125
ceder002,1450,8.247670,0.0056880483
solaj002,88,0.500160,0.0056836364
alvap001,1928,10.953460,0.0056812552
diazm003,678,3.851720,0.0056810029
sotog001,1445,8.203980,0.0056774948
florj002,410,2.326390,0.0056741220
castl001,313,1.775730,0.0056732588
tholj001,1134,6.418170,0.0056597619
nix-l001,820,4.636760,0.0056545854
patte001,313,1.769810,0.0056543450
tolls001,137,0.772470,0.0056384672
pattc001,761,4.286910,0.0056332589
schnb001,399,2.245610,0.0056280952
dickc001,292,1.640720,0.0056189041
laroa002,386,2.166740,0.0056133161
davib004,127,0.709750,0.0055885827
lillb001,612,3.414360,0.0055790196
nievw001,540,3.010790,0.0055755370
moora001,258,1.434650,0.0055606589
marts002,783,4.351220,0.0055571137
kersc001,342,1.900360,0.0055566082
morak001,1432,7.948390,0.0055505517
byrne001,40,0.221510,0.0055377500
carpm001,811,4.490430,0.0055369051
garkr001,38,0.210360,0.0055357895
gosea001,356,1.970450,0.0055349719
penab002,917,5.073550,0.0055327699
kendk001,202,1.115500,0.0055222772
roles001,1201,6.629090,0.0055196420
delgr001,78,0.430350,0.0055173077
fedet001,196,1.079380,0.0055070408
lecus001,25,0.137430,0.0054972000
gimec001,262,1.440180,0.0054968702
gordd002,682,3.743910,0.0054896041
lirif001,70,0.383760,0.0054822857
teagt001,260,1.422660,0.0054717692
thomc002,360,1.964150,0.0054559722
hillk002,503,2.744310,0.0054558847
bianj001,338,1.839910,0.0054435207
langr002,217,1.180890,0.0054418894
moram002,507,2.757870,0.0054395858
lockj001,71,0.385950,0.0054359155
polla001,585,3.173710,0.0054251453
sogae001,622,3.359960,0.0054018650
michj001,382,2.063430,0.0054016492
garca003,339,1.828570,0.0053940118
buted001,558,3.004990,0.0053852867
tracc001,411,2.212890,0.0053841606
podss001,834,4.482860,0.0053751319
escoe001,341,1.831400,0.0053706745
boggb001,31,0.165860,0.0053503226
cabro001,1060,5.658090,0.0053378208
fielt001,83,0.442780,0.0053346988
ishit001,398,2.117730,0.0053209296
niesj001,241,1.280340,0.0053126141
hammj002,138,0.730310,0.0052921014
furcr001,1445,7.642750,0.0052891003
hughl001,363,1.894440,0.0052188430
peraw001,75,0.390370,0.0052049333
dickr001,221,1.149690,0.0052022172
mesod001,604,3.139210,0.0051973675
valbl001,1087,5.639700,0.0051883165
nix-j001,1068,5.540460,0.0051876966
simma001,878,4.554540,0.0051874032
pelfm001,144,0.746870,0.0051865972
myerb001,148,0.767440,0.0051854054
teahm001,456,2.363390,0.0051828728
tehej001,75,0.388640,0.0051818667
lemad001,766,3.961630,0.0051718407
vanss001,216,1.112640,0.0051511111
cabre001,1167,6.000420,0.0051417481
sandj002,258,1.324450,0.0051335271
hawpb001,622,3.180750,0.0051137460
atkig001,156,0.792510,0.0050801923
herre001,238,1.205500,0.0050651261
white004,410,2.075350,0.0050618293
schal001,386,1.951810,0.0050565026
frank001,678,3.427450,0.0050552360
cooka002,83,0.419140,0.0050498795
lombs002,775,3.901320,0.0050339613
custj001,714,3.577560,0.0050105882
robit001,325,1.626990,0.0050061231
parmc001,643,3.195410,0.0049695334
buckj001,1856,9.209150,0.0049618265
hallr001,280,1.384010,0.0049428929
venaw001,1927,9.519060,0.0049398339
quinr002,40,0.197120,0.0049280000
bradm001,412,2.026870,0.0049195874
fulds001,708,3.483010,0.0049195056
lallb001,43,0.211300,0.0049139535
johnj009,151,0.741530,0.0049107947
giamj001,729,3.576900,0.0049065844
aokin001,1280,6.272330,0.0049002578
browc003,45,0.220500,0.0049000000
negrk001,5,0.024380,0.0048760000
penar002,339,1.641180,0.0048412389
buehm001,84,0.402110,0.0047870238
oswar001,134,0.639640,0.0047734328
casta003,44,0.209980,0.0047722727
maldm001,469,2.236380,0.0047684009
culbc001,134,0.637330,0.0047561940
iannc001,1345,6.385940,0.0047479108
lambm001,40,0.189520,0.0047380000
ohler001,81,0.383550,0.0047351852
larij001,80,0.378540,0.0047317500
wheer001,164,0.775210,0.0047268902
chave002,759,3.581290,0.0047184321
camem001,456,2.147630,0.0047097149
rowaa001,732,3.447310,0.0047094399
sizes001,612,2.880800,0.0047071895
chama002,118,0.554280,0.0046972881
ryanm001,42,0.197160,0.0046942857
quinh001,843,3.952450,0.0046885528
cirip001,459,2.150860,0.0046859695
martf002,217,1.014450,0.0046748848
sizeg001,443,2.068750,0.0046698646
germe001,36,0.168050,0.0046680556
browa003,323,1.506060,0.0046627245
bonie001,1616,7.534020,0.0046621411
janip001,859,4.002550,0.0046595460
tream001,682,3.158690,0.0046315103
tolbm001,341,1.578090,0.0046278299
conrb001,430,1.989240,0.0046261395
gillc001,502,2.318650,0.0046188247
evann001,239,1.103540,0.0046173222
norrb001,193,0.888260,0.0046023834
mastd002,275,1.262840,0.0045921455
peteb001,552,2.528700,0.0045809783
romia001,182,0.832710,0.0045753297
weavj002,5,0.022720,0.0045440000
chavj001,5,0.022720,0.0045440000
hanir001,1248,5.649190,0.0045265946
lowem001,249,1.123050,0.0045102410
slowk001,32,0.143970,0.0044990625
hayeb001,377,1.692570,0.0044895756
santo001,33,0.147390,0.0044663636
maxwj002,770,3.424020,0.0044467792
mcdoj003,715,3.175740,0.0044415944
elmoj001,218,0.967020,0.0044358716
carpc002,189,0.836670,0.0044268254
sappd001,278,1.222520,0.0043975540
cuetj001,231,1.013150,0.0043859307
garlj001,108,0.473640,0.0043855556
taylm001,83,0.363830,0.0043834940
bardb001,38,0.165910,0.0043660526
gwynt002,989,4.294280,0.0043420425
olt-m001,40,0.172530,0.0043132500
tatuc001,229,0.983960,0.0042967686
aybaw001,334,1.434480,0.0042948503
ramim003,85,0.364970,0.0042937647
carsm001,169,0.725260,0.0042914793
domim001,775,3.317100,0.0042801290
fordl001,90,0.384720,0.0042746667
castj004,158,0.674070,0.0042662658
karsj001,126,0.537520,0.0042660317
deaza001,1505,6.407510,0.0042574817
spand001,2319,9.831230,0.0042394265
powel001,259,1.097610,0.0042378764
stavn001,127,0.537920,0.0042355906
moors001,338,1.398640,0.0041379882
robeb003,827,3.386490,0.0040949093
vazqj001,72,0.294680,0.0040927778
corpc001,492,2.007390,0.0040800610
flahr001,453,1.821620,0.0040212362
saunm001,1568,6.284290,0.0040078380
hernl004,50,0.199720,0.0039944000
medlk001,144,0.574940,0.0039926389
quirg001,109,0.431490,0.0039586239
vogts001,197,0.778970,0.0039541624
matsk001,86,0.339080,0.0039427907
halmg001,127,0.500040,0.0039373228
congh001,522,2.048710,0.0039247318
krate001,434,1.697540,0.0039113825
sellj002,277,1.068340,0.0038568231
iwama001,235,0.900040,0.0038299574
raucj001,2,0.007600,0.0038000000
bradd002,2,0.007600,0.0038000000
nievf001,2,0.007600,0.0038000000
marta004,194,0.730950,0.0037677835
anglm001,97,0.363940,0.0037519588
philk001,88,0.329770,0.0037473864
moorm003,7,0.026140,0.0037342857
hagum001,78,0.290410,0.0037232051
lewif001,735,2.731960,0.0037169524
kuroh001,150,0.555640,0.0037042667
velee001,108,0.399970,0.0037034259
borbj001,712,2.630380,0.0036943539
pillb001,265,0.967460,0.0036507925
harrj002,596,2.173610,0.0036469966
estrm001,110,0.399770,0.0036342727
galvf001,428,1.553400,0.0036294393
hairs001,1098,3.980600,0.0036253188
collj001,87,0.312790,0.0035952874
jurrj001,120,0.431370,0.0035947500
campt001,408,1.462610,0.0035848284
mccom001,395,1.411080,0.0035723544
wolfr001,203,0.724260,0.0035677833
volsc001,149,0.531160,0.0035648322
curtc002,66,0.235150,0.0035628788
crosb002,196,0.696080,0.0035514286
hestj001,208,0.728070,0.0035003365
bixlb001,195,0.681500,0.0034948718
vincn001,1,0.003420,0.0034200000
barnb002,576,1.954080,0.0033925000
arrej001,2,0.006740,0.0033700000
axeld001,2,0.006740,0.0033700000
zimmj003,209,0.702290,0.0033602392
nickm001,198,0.663650,0.0033517677
davib005,67,0.223370,0.0033338806
montl001,119,0.392790,0.0033007563
delaj001,137,0.451400,0.0032948905
schaj002,986,3.212200,0.0032578093
salao001,153,0.491530,0.0032126144
lairb001,145,0.458300,0.0031606897
owinm001,36,0.112780,0.0031327778
mathj002,407,1.244710,0.0030582555
harrl002,72,0.220040,0.0030561111
watst001,5,0.015200,0.0030400000
stras001,146,0.443210,0.0030356849
chrij003,117,0.349670,0.0029886325
wilsj003,562,1.668900,0.0029695730
cashk001,134,0.393850,0.0029391791
calhk001,255,0.745170,0.0029222353
blana001,281,0.814900,0.0029000000
bensj001,76,0.219080,0.0028826316
tuiam001,338,0.971060,0.0028729586
andeg001,168,0.474950,0.0028270833
holld003,11,0.030940,0.0028127273
hu--c001,49,0.136370,0.0027830612
garzm001,129,0.356710,0.0027651938
samaj001,148,0.406880,0.0027491892
burna001,146,0.378780,0.0025943836
savej001,3,0.007600,0.0025333333
boxbb001,3,0.007600,0.0025333333
mayse001,66,0.165480,0.0025072727
carmf001,12,0.029420,0.0024516667
westj001,191,0.466870,0.0024443455
bailh001,238,0.580600,0.0024394958
river003,191,0.463400,0.0024261780
castw002,678,1.592110,0.0023482448
mills001,66,0.151570,0.0022965152
couss001,200,0.457180,0.0022859000
laruj001,65,0.143970,0.0022149231
hickb002,100,0.220050,0.0022005000
franj003,93,0.204090,0.0021945161
pagnm001,107,0.228780,0.0021381308
millc001,122,0.258780,0.0021211475
robis001,392,0.817540,0.0020855612
woodt004,207,0.410510,0.0019831401
orr-p001,188,0.371480,0.0019759574
alfoe002,123,0.236020,0.0019188618
averx001,112,0.213080,0.0019025000
thurj001,4,0.007600,0.0019000000
mccab001,43,0.079540,0.0018497674
reedj004,32,0.057290,0.0017903125
lugoj001,323,0.564430,0.0017474613
eovan001,84,0.139790,0.0016641667
moscg001,19,0.030320,0.0015957895
staut001,94,0.147140,0.0015653191
rodrl002,147,0.221450,0.0015064626
lannj001,153,0.223360,0.0014598693
clemj001,184,0.265350,0.0014421196
penaw001,121,0.165090,0.0013643802
padiv001,38,0.048930,0.0012876316
duffd001,3,0.003420,0.0011400000
friec001,30,0.033490,0.0011163333
hellj001,7,0.007600,0.0010857143
carrc003,7,0.007600,0.0010857143
pastt001,229,0.246290,0.0010755022
billc001,192,0.202470,0.0010545312
chacj001,216,0.227320,0.0010524074
expol001,22,0.022720,0.0010327273
lillt001,150,0.143970,0.0009598000
komae001,59,0.056550,0.0009584746
tillc001,8,0.007600,0.0009500000
stera001,8,0.007600,0.0009500000
chenw001,7,0.006510,0.0009300000
menck001,29,0.026350,0.0009086207
tronr001,4,0.003630,0.0009075000
mesam001,16,0.014090,0.0008806250
holms002,18,0.014340,0.0007966667
lestj001,28,0.022040,0.0007871429
sanaa001,49,0.038540,0.0007865306
verlj001,20,0.015200,0.0007600000
pomed001,42,0.030940,0.0007366667
grifa002,5,0.003630,0.0007260000
redmt002,5,0.003630,0.0007260000
villc001,45,0.032380,0.0007195556
waket001,11,0.007600,0.0006909091
escae001,11,0.007600,0.0006909091
daviw001,11,0.007600,0.0006909091
mahoj001,33,0.022720,0.0006884848
mcalz001,5,0.003420,0.0006840000
weavj003,21,0.013800,0.0006571429
darnj001,77,0.049770,0.0006463636
lin-c001,12,0.007600,0.0006333333
mosed001,37,0.022720,0.0006140541
nealt001,45,0.026700,0.0005933333
molig002,13,0.007600,0.0005846154
schem001,13,0.007350,0.0005653846
blalh001,74,0.041720,0.0005637838
lindj003,14,0.007600,0.0005428571
hernd001,48,0.026000,0.0005416667
ruizr001,42,0.019920,0.0004742857
dural001,60,0.028180,0.0004696667
lackj001,16,0.007350,0.0004593750
dejei002,84,0.037680,0.0004485714
romer002,16,0.006740,0.0004212500
harrm001,19,0.007600,0.0004000000
hughr001,54,0.021080,0.0003903704
herna003,125,0.048460,0.0003876800
lutzz001,39,0.014090,0.0003612821
parrm001,43,0.015200,0.0003534884
waltp001,10,0.003420,0.0003420000
mccud001,23,0.007600,0.0003304348
millk004,33,0.010690,0.0003239394
maldc003,24,0.007600,0.0003166667
handb001,25,0.007600,0.0003040000
kellc001,12,0.003420,0.0002850000
philp001,26,0.007060,0.0002715385
lunah001,97,0.025640,0.0002643299
ausmb001,73,0.018280,0.0002504110
montl002,30,0.007350,0.0002450000
arrij001,32,0.007600,0.0002375000
watsm002,37,0.008740,0.0002362162
chirr001,97,0.022720,0.0002342268
diams001,15,0.003420,0.0002280000
marto001,75,0.015200,0.0002026667
petiy001,18,0.003630,0.0002016667
sosah001,18,0.003630,0.0002016667
beckj002,39,0.007600,0.0001948718
mazzv001,18,0.003420,0.0001900000
tekob001,95,0.017090,0.0001798947
guthj001,44,0.007600,0.0001727273
matsd001,21,0.003420,0.0001628571
mcphd001,15,0.002000,0.0001333333
fielj001,52,0.006810,0.0001309615
enrib001,53,0.006740,0.0001271698
galaa002,29,0.003420,0.0001179310
ottaa001,30,0.003420,0.0001140000
colob001,13,0.001480,0.0001138462
fierm001,43,0.004750,0.0001104651
rusic001,33,0.003420,0.0001036364
rosst001,39,0.003420,0.0000876923
silvc001,40,0.003420,0.0000855000
mitcr001,106,0.008590,0.0000810377
detwr001,105,0.007600,0.0000723810
turnj002,55,0.003090,0.0000561818
carll001,31,0.001480,0.0000477419
outmj001,23,0.000380,0.0000165217
bakes002,13,0.000070,0.0000053846
rivem003,24,0.000070,0.0000029167
wangc001,27,0.000070,0.0000025926
woodc001,33,0.000070,0.0000021212
olmer001,42,0.000070,0.0000016667
byrdt001,2,0.000000,0.0000000000
haegc001,10,0.000000,0.0000000000
leons001,42,0.000000,0.0000000000
eldrb001,44,0.000000,0.0000000000
ortir002,9,0.000000,0.0000000000
