id,first,last,PA1,accScore,score
mcdod002,Darnell,McDonald,713,28.45771,0.0399126367
lylej001,Jordan,Lyles,82,2.34185,0.0285591463
tejar001,Ruben,Tejada,1403,53.151,0.0378838204
torrc001,Carlos,Torres,32,3.39099,0.1059684375
belta001,Adrian,Beltre,2677,94.12554,0.0351608293
tream001,Matt,Treanor,682,28.7853,0.0422071848
woodt004,Travis,Wood,207,6.08773,0.0294093237
davim005,nan,nan,93,3.69434,0.039724086
expol001,Luis,Exposito,22,0.16748,0.0076127273
scutm001,Marco,Scutaro,2536,96.96994,0.038237358
figun001,Nelson,Figueroa,33,1.2933,0.0391909091
ramiw001,Wilkin,Ramirez,122,3.21879,0.0263835246
culbc001,Charlie,Culberson,134,4.61416,0.0344340299
aybae001,Erick,Aybar,2390,80.70561,0.0337680377
hoffj002,Jarrett,Hoffpauir,38,0.45843,0.0120639474
arrob001,Bronson,Arroyo,296,7.13489,0.0241043581
monac001,Carlos,Monasterios,18,1.25426,0.0696811111
hallr001,Roy,Halladay,280,8.41552,0.0300554286
garca003,Avisail,Garcia,339,10.66488,0.031459823
martm003,Michael,Martinez,406,15.77019,0.0388428325
kellj001,Joe,Kelly,84,4.82868,0.0574842857
iwama001,Akinori,Iwamura,235,3.83301,0.0163106809
herrc001,Chris,Herrmann,211,4.53522,0.0214939336
kottg001,George,Kottaras,756,26.49843,0.0350508333
cainm001,Matt,Cain,328,10.56235,0.0322022866
sogae001,Eric,Sogard,622,20.34393,0.032707283
burre001,Manny,Burriss,320,8.20902,0.0256531875
willj004,Josh,Willingham,2173,84.32926,0.0388077589
quenc001,Carlos,Quentin,1723,54.37082,0.0315559025
jurrj001,Jair,Jurrjens,120,2.81684,0.0234736667
nieuk001,Kirk,Nieuwenhuis,431,17.6215,0.0408851508
lerea001,Anthony,Lerew,2,0.13299,0.066495
lahab001,Bryan,LaHair,474,16.11138,0.0339902532
maldm001,Martin,Maldonado,469,13.15544,0.0280499787
wilsm002,Mike,Wilson,28,1.10937,0.0396203571
heywj001,Jason,Heyward,2265,85.12738,0.0375838322
ryanm001,Mike,Ryan,42,0.95458,0.0227280952
sanca004,Anibal,Sanchez,186,5.51232,0.029636129
sanca005,Angel,Sanchez,641,29.47125,0.0459769891
lecus001,Sam,LeCure,25,0.9794,0.039176
mains001,Scott,Maine,2,0.13839,0.069195
hernd001,Diory,Hernandez,48,0.71161,0.0148252083
richg002,Garrett,Richards,2,0.00384,0.00192
gally001,Yovani,Gallardo,302,8.75603,0.0289934768
guerm001,Matt,Guerrier,2,0.29184,0.14592
crawc002,Carl,Crawford,1930,75.40966,0.0390723627
phegj001,nan,nan,220,7.40748,0.0336703636
vicid001,Dayan,Viciedo,1262,44.44517,0.0352180428
valdw001,Wilson,Valdez,892,31.2943,0.035083296
rodra001,Alex,Rodriguez,1885,71.97071,0.038180748
rodra002,Aneury,Rodriguez,12,0.35245,0.0293708333
davir003,Rajai,Davis,1810,55.98615,0.0309315746
wilsj003,Josh,Wilson,562,16.86794,0.0300141281
fulds001,Sam,Fuld,708,23.86737,0.0337109746
ameza001,Alfredo,Amezaga,94,3.10093,0.032988617
samaj001,Jeff,Samardzija,148,1.1054,0.0074689189
cespy001,Yoenis,Cespedes,1193,40.13918,0.0336455826
flowt001,Tyler,Flowers,592,16.34988,0.0276180405
tavew001,Willy,Taveras,39,2.12773,0.0545571795
dedus001,Samuel,Deduno,2,0.16022,0.08011
lyont001,nan,nan,13,0.35452,0.0272707692
kawak001,Kenshin,Kawakami,32,0.43241,0.0135128125
snidt001,Travis,Snider,1029,29.73073,0.0288928377
norrb001,Bud,Norris,193,4.72307,0.0244718653
joycm001,Matthew,Joyce,1838,68.46202,0.0372481066
lewic001,Colby,Lewis,25,0.31822,0.0127288
glaut001,Troy,Glaus,507,25.28077,0.0498634517
domim001,Matt,Dominguez,775,19.3361,0.0249498065
adamm002,Matt,Adams,489,14.77521,0.0302151534
santj003,Johan,Santana,110,2.8615,0.0260136364
rodrw002,Wandy,Rodriguez,239,9.23971,0.0386598745
suzui001,Ichiro,Suzuki,2781,84.78772,0.0304882129
darnj001,James,Darnell,77,2.43025,0.0315616883
thomc002,Clete,Thomas,360,12.4279,0.0345219444
hills004,Steven,Hill,13,0.7436,0.0572
mcbrm002,Matt,McBride,86,4.40028,0.0511660465
ingeb001,Brandon,Inge,1397,47.28375,0.0338466356
hefnj001,Jeremy,Hefner,65,1.8491,0.0284476923
jordt001,nan,nan,18,0.4466,0.0248111111
quirg001,Guillermo,Quiroz,109,1.92862,0.0176937615
eovan001,Nathan,Eovaldi,84,1.86442,0.0221954762
eatoa002,Adam,Eaton,389,10.02315,0.0257664524
almoe001,Erick,Almonte,29,0.31275,0.0107844828
morrl001,Logan,Morrison,1550,56.45549,0.0364228968
bernd001,Doug,Bernier,66,2.71514,0.0411384848
martj006,J.D.,Martinez,1014,37.20727,0.0366935602
mattg002,Gary,Matthews,67,3.64109,0.0543446269
hairs001,Scott,Hairston,1098,39.21621,0.0357160383
andel002,Lars,Anderson,61,2.22938,0.0365472131
barnd001,Darwin,Barney,1862,59.4403,0.0319228249
beacb001,Brandon,Beachy,102,5.011,0.049127451
webet001,Thad,Weber,3,0.18106,0.0603533333
lincb001,Brad,Lincoln,43,1.96716,0.045747907
lohsk001,Kyle,Lohse,274,9.22909,0.0336828102
marte002,nan,nan,10,0.0152,0.00152
gillc002,Cole,Gillespie,193,6.421,0.0332694301
diaza002,Argenis,Diaz,37,0.17139,0.0046321622
friec001,Christian,Friedrich,30,0.71222,0.0237406667
parra001,Andy,Parrino,238,5.18901,0.021802563
riosa002,Alex,Rios,2590,83.58955,0.0322739575
dysoj001,Jarrod,Dyson,719,25.94088,0.0360791099
valac001,Chris,Valaika,143,3.32995,0.0232863636
jimel002,nan,nan,110,4.78489,0.043499
gonzc001,Carlos,Gonzalez,2286,98.21396,0.0429632371
towlj001,J.R.,Towles,223,5.56321,0.02494713
karsj001,Jeff,Karstens,126,3.61692,0.0287057143
lutzd001,nan,nan,60,0.36091,0.0060151667
harrl002,Lucas,Harrell,72,1.88405,0.0261673611
dendm001,nan,nan,64,1.07364,0.016775625
aokin001,Norichika,Aoki,1280,33.16612,0.0259110313
puntn001,Nick,Punto,1067,38.17883,0.0357814714
lerus001,Steven,Lerud,15,0.55189,0.0367926667
cumpb001,nan,nan,12,0.04418,0.0036816667
wooda002,nan,nan,23,1.5466,0.0672434783
moraj002,Jose,Morales,118,5.75467,0.0487683898
hundn001,Nick,Hundley,1296,47.12452,0.0363615123
lutzz001,Zach,Lutz,39,2.94825,0.0755961538
monej001,nan,nan,9,0.50195,0.0557722222
frazt001,Todd,Frazier,1233,35.07545,0.0284472425
custj001,Jack,Cust,714,24.09205,0.0337423669
mortc002,Charlie,Morton,147,4.13352,0.0281191837
navad001,Dioner,Navarro,709,20.15612,0.0284289422
navad002,Daniel,Nava,1117,47.80098,0.0427940734
carrj001,Jamey,Carroll,1789,66.20981,0.0370093963
avilm001,Mike,Aviles,1753,60.42288,0.0344682715
ojeda001,Augie,Ojeda,93,2.71874,0.0292337634
teagt001,Taylor,Teagarden,260,10.1629,0.0390880769
britz001,Zachary,Britton,8,0.46607,0.05825875
pagaa001,Angel,Pagan,2259,93.32937,0.0413144622
murpd004,Donnie,Murphy,451,15.52013,0.0344127051
murpd005,David,Murphy,2049,70.26286,0.0342912933
descd001,Daniel,Descalso,1320,46.57235,0.0352820833
lee-c003,Cliff,Lee,235,8.16778,0.0347565106
parej002,Jimmy,Paredes,407,11.49322,0.0282388698
lee-c001,Carlos,Lee,2001,64.21175,0.0320898301
bocob001,Brian,Bocock,5,0.31275,0.06255
butlj002,nan,nan,17,0.48647,0.0286158824
phipd001,Denis,Phipps,12,0.55753,0.0464608333
sotog001,Geovany,Soto,1445,35.57832,0.0246216747
batim001,Miguel,Batista,24,0.4245,0.0176875
darnt001,nan,nan,115,2.44182,0.0212332174
gutif001,Franklin,Gutierrez,1359,40.86731,0.0300716041
karnn001,nan,nan,5,0.18062,0.036124
olmer001,Ray,Olmedo,42,0.77126,0.0183633333
byrne001,Eric,Byrnes,40,0.6859,0.0171475
quino001,Omar,Quintanilla,584,18.92476,0.032405411
lairg001,Gerald,Laird,781,24.60906,0.0315096799
bradm001,Milton,Bradley,412,10.64781,0.025844199
iglej001,Jose,Iglesias,510,22.21068,0.0435503529
carpm002,Matt,Carpenter,1188,52.97254,0.0445896801
handb001,Brad,Hand,25,0.70357,0.0281428
loper001,Rodrigo,Lopez,106,3.23757,0.0305431132
werna001,Andrew,Werner,15,0.5003,0.0333533333
marcs001,Shaun,Marcum,158,3.16221,0.0200139873
detwr001,Ross,Detwiler,105,2.02309,0.0192675238
chisl001,Lonnie,Chisenhall,703,19.76444,0.0281144239
casta003,Alex,Castellanos,44,1.69778,0.0385859091
robeb003,Brian,Roberts,827,23.44461,0.0283489843
howar001,Ryan,Howard,2044,80.6182,0.0394413894
lopef001,Felipe,Lopez,609,20.41958,0.033529688
millk004,Kevin,Millwood,33,0.56414,0.0170951515
fielp001,Prince,Fielder,3060,128.0679,0.0418522549
adrie001,nan,nan,20,0.25816,0.012908
smits002,Seth,Smith,1876,62.19818,0.0331546802
mccud001,Daniel,McCutchen,23,0.74149,0.0322386957
lindj003,John,Lindsey,14,0.78597,0.0561407143
hilla001,Aaron,Hill,2297,75.67685,0.0329459512
pomed001,Drew,Pomeranz,42,0.62381,0.014852619
paulr001,Ronny,Paulino,670,23.75906,0.0354612836
betew001,Wilson,Betemit,1099,32.90863,0.0299441583
fierm001,Michael,Fiers,43,0.63501,0.0147676744
castr002,Ramon,Castro,211,8.08322,0.0383090995
mauej001,Joe,Mauer,2187,97.54594,0.0446026246
loewa001,Adam,Loewen,38,0.87191,0.022945
simoa001,Alfredo,Simon,12,0.28016,0.0233466667
nolar001,Ricky,Nolasco,264,9.77597,0.0370301894
ruizr001,Randy,Ruiz,42,0.55012,0.0130980952
pachj001,Jordan,Pacheco,884,31.90403,0.0360905317
maxwj002,Justin,Maxwell,770,22.40281,0.0290945584
herrj002,Jonathan,Herrera,1082,39.12786,0.0361625323
mckem001,Michael,McKenry,622,12.65931,0.0203525884
fowld001,Dexter,Fowler,2166,84.5428,0.0390317636
cahit001,Trevor,Cahill,137,3.08291,0.0225029927
kendj001,Jason,Kendall,515,19.94078,0.0387199612
solad001,Donovan,Solano,732,23.56674,0.032195
florj002,Jesus,Flores,410,12.57286,0.0306655122
pastt001,Tyler,Pastornicky,229,10.23198,0.0446811354
blakc001,Casey,Blake,853,29.95475,0.0351169402
arenj001,J.P.,Arencibia,1447,42.06817,0.0290726814
figaa001,Alfredo,Figaro,12,0.48254,0.0402116667
delar003,Rubby,de la Rosa,16,0.73522,0.04595125
blank002,Kyle,Blanks,656,24.56956,0.0374535976
younm004,Matt,Young,64,1.89143,0.0295535938
burgh001,nan,nan,10,0.16022,0.016022
guilj001,Jose,Guillen,587,18.02027,0.0306989267
younm003,Michael,Young,2928,110.52279,0.0377468545
hestj001,John,Hester,208,9.98078,0.0479845192
miraj001,Juan,Miranda,283,10.00115,0.0353397527
pradm001,Martin,Prado,2710,99.27145,0.0366315314
leakm001,Mike,Leake,274,9.45936,0.0345232117
lambm001,Mike,Lamb,40,0.96767,0.02419175
lonej001,James,Loney,2401,79.27512,0.0330175427
lombs002,Steve,Lombardozzi,775,21.60375,0.0278758065
bushd001,David,Bush,65,2.54268,0.0391181538
johnr009,Rob,Johnson,528,15.83037,0.0299817614
johnr008,Reed,Johnson,927,30.48136,0.032881726
westj001,Jake,Westbrook,191,6.30603,0.0330158639
kinsi001,Ian,Kinsler,2793,119.42286,0.0427579162
donaj002,Jason,Donald,614,21.85327,0.035591645
santo001,Omir,Santos,33,1.30369,0.0395057576
donaj001,Joshua,Donaldson,1068,39.88821,0.0373485112
staut001,Tim,Stauffer,94,2.10185,0.0223601064
mcanp001,Paul,McAnulty,25,0.71084,0.0284336
sellj002,Justin,Sellers,277,6.89246,0.0248825271
rasmc001,Colby,Rasmus,2225,80.72197,0.0362795371
willd003,Dontrelle,Willis,42,2.30671,0.0549216667
burrs001,Sean,Burroughs,140,3.6245,0.0258892857
lugoj001,Julio,Lugo,323,11.50484,0.0356186997
pillk001,nan,nan,111,3.86701,0.0348379279
weekj001,Jemile,Weeks,993,36.45876,0.0367157704
hudsd001,Daniel,Hudson,130,2.53595,0.0195073077
averx001,Xavier,Avery,112,4.66058,0.0416123214
baxtm001,Mike,Baxter,423,10.30997,0.0243734515
gonze001,Edgar,Gonzalez,12,0.33937,0.0282808333
hardj003,J.J.,Hardy,2416,82.45716,0.0341296192
forsl001,Logan,Forsythe,812,26.01157,0.0320339532
cruzt002,Tony,Cruz,341,12.5585,0.0368284457
rodrl002,Luis,Rodriguez,147,4.35303,0.029612449
gindc001,nan,nan,163,3.49214,0.0214241718
markn001,Nick,Markakis,2685,96.07036,0.0357803948
herna003,Anderson,Hernandez,125,4.40481,0.03523848
waina001,Adam,Wainwright,277,11.56254,0.0417420217
beckg001,Gordon,Beckham,2155,77.10246,0.0357784037
giavj001,Johnny,Giavotella,451,20.01735,0.0443843681
wised001,Dewayne,Wise,544,12.69001,0.0233272243
trumm001,Mark,Trumbo,1912,58.38163,0.0305343253
torry001,Yorvit,Torrealba,1250,42.15152,0.033721216
suzuk001,Kurt,Suzuki,1901,64.14706,0.0337438506
oeltt001,Trent,Oeltjen,126,4.29461,0.0340842063
hudso001,Orlando,Hudson,1380,53.54998,0.0388043333
romen001,Niuman,Romero,4,0.15097,0.0377425
redmt002,Todd,Redmond,5,0.66831,0.133662
mossb001,Brandon,Moss,894,31.23132,0.0349343624
dietd001,nan,nan,243,8.57077,0.0352706584
ackld001,Dustin,Ackley,1525,50.33938,0.0330094295
simma001,Andrelton,Simmons,878,26.72986,0.0304440319
bussn001,nan,nan,21,0.38424,0.0182971429
mastj001,Justin,Masterson,15,0.25814,0.0172093333
lairb001,Brandon,Laird,145,3.09148,0.0213205517
pears001,Steven,Pearce,489,18.9696,0.038792638
stubd001,Drew,Stubbs,2376,78.54696,0.0330584848
gossp001,nan,nan,8,0.81618,0.1020225
wrigw001,Wesley,Wright,13,0.35245,0.0271115385
felij002,Jesus,Feliciano,122,5.11644,0.0419380328
sancj002,Jonathan,Sanchez,116,3.71834,0.0320546552
mesam001,Melky,Mesa,16,0.9166,0.0572875
pinam001,Manny,Pina,17,0.57457,0.0337982353
wellr001,Randy,Wells,119,4.0909,0.0343773109
moehb001,Brian,Moehler,11,0.03942,0.0035836364
zambc001,Carlos,Zambrano,144,6.05676,0.0420608333
andeb005,Bryan,Anderson,71,1.5314,0.0215690141
fuenr001,nan,nan,38,1.34188,0.0353126316
rober002,Ryan,Roberts,1337,47.21565,0.0353146223
hamec001,Cole,Hamels,310,8.01206,0.0258453548
peguc001,Carlos,Peguero,230,6.39119,0.0277877826
rosaa001,Adam,Rosales,634,14.31634,0.0225809779
hernl004,Luis,Hernandez,50,2.60029,0.0520058
lyonb003,Brandon,Lyon,2,0.16444,0.08222
hammr001,Robby,Hammock,2,0.18106,0.09053
hernl003,Livan,Hernandez,138,4.28238,0.0310317391
marts002,Starling,Marte,783,17.93695,0.0229079821
valbl001,Luis,Valbuena,1087,33.61436,0.0309239742
elmoj001,Jake,Elmore,218,6.09499,0.0279586697
green001,Nick,Green,115,3.0283,0.0263330435
manzt001,Tommy,Manzella,290,8.86963,0.030584931
mainj001,John,Maine,15,0.34098,0.022732
stavn001,Nick,Stavinoha,127,4.43473,0.0349191339
mccab002,Brian,McCann,2082,77.63372,0.03728805
swisn001,Nick,Swisher,2731,108.48726,0.039724372
mccab001,Brandon,McCarthy,43,0.66742,0.0155213953
davik003,nan,nan,159,5.42625,0.0341273585
rizza001,Anthony,Rizzo,1249,40.32191,0.0322833547
beltc001,Carlos,Beltran,2279,89.5074,0.0392748574
prinj001,nan,nan,9,0.33937,0.0377077778
holld003,Derek,Holland,11,0.30461,0.0276918182
diamt001,Thomas,Diamond,8,0.24983,0.03122875
terdj001,nan,nan,96,2.50103,0.0260523958
parrg001,Gerardo,Parra,2044,63.67511,0.0311522065
erlir001,nan,nan,20,0.5825,0.029125
goinr001,nan,nan,129,2.14722,0.0166451163
mcdoj004,James,McDonald,164,4.55388,0.027767561
schmk001,Konrad,Schmidt,17,0.3063,0.0180176471
cabra002,Asdrubal,Cabrera,2372,84.31297,0.035545097
mcdoj003,John,McDonald,715,19.79041,0.0276788951
spilr001,Ryan,Spilborghs,630,23.80128,0.0377798095
langr002,Ryan,Langerhans,217,6.08443,0.0280388479
corpc001,Carlos,Corporan,492,10.35678,0.0210503659
mousm001,Mike,Moustakas,1545,48.99254,0.0317103819
billc001,Chad,Billingsley,192,3.77659,0.0196697396
bradd002,Dallas,Braden,2,0.4466,0.2233
mitcr001,Russ,Mitchell,106,1.67404,0.0157928302
goset001,nan,nan,48,0.62766,0.01307625
schin001,Nate,Schierholtz,1438,38.39894,0.0267030181
nealt001,Thomas,Neal,45,3.00743,0.0668317778
buckj001,John,Buck,1856,49.75977,0.0268102209
wortd001,Danny,Worth,251,9.99502,0.0398207968
harrj002,Josh,Harrison,596,14.16893,0.0237733725
gatte001,nan,nan,412,15.07171,0.0365818204
carll001,Luke,Carlin,31,0.96574,0.0311529032
thort001,Tyler,Thornburg,25,0.47849,0.0191396
vanej001,Jonathan,Van Every,21,0.42161,0.0200766667
larij001,Jeff,Larish,80,1.73678,0.02170975
hinse001,Eric,Hinske,808,30.72313,0.0380236757
sizeg001,Grady,Sizemore,443,13.90688,0.0313925056
zunim001,nan,nan,202,7.74677,0.0383503465
olivm001,Miguel,Olivo,1377,42.83799,0.0311096514
sizes001,Scott,Sizemore,612,14.65481,0.023945768
kimbc002,Cole,Kimball,2,0.10025,0.050125
krate001,Erik,Kratz,434,12.38144,0.0285286636
wilsj002,Jack,Wilson,538,17.96251,0.0333875651
tatuc001,Craig,Tatum,229,10.13776,0.0442696943
grifk002,Ken,Griffey,112,3.76875,0.0336495536
chrij003,Justin,Christian,117,2.92562,0.0250052991
gonzm003,Miguel,Gonzalez,4,0.28451,0.0711275
lee-d002,Derrek,Lee,1161,38.87719,0.0334859518
hernd003,David,Herndon,7,0.19233,0.0274757143
holab001,Bryan,Holaday,47,2.83027,0.0602185106
escoa003,Alcides,Escobar,2550,91.31159,0.0358084667
bondj001,Jeremy,Bonderman,4,0.17502,0.043755
cingt001,Tony,Cingrani,36,1.69579,0.0471052778
barar001,Rod,Barajas,1079,35.2605,0.0326788693
davic003,Chris,Davis,1657,50.33194,0.030375341
arrij001,Jake,Arrieta,32,0.02053,0.0006415625
collj001,Josh,Collmenter,87,2.22539,0.0255791954
bautj002,Jose,Bautista,2370,89.18984,0.0376328439
fontm001,Mike,Fontenot,660,19.51794,0.0295726364
staim001,Matt,Stairs,195,7.38861,0.0378903077
penac001,Carlos,Pena,2225,76.19779,0.0342461978
lidda001,Alex,Liddi,190,4.80633,0.0252964737
downm001,Matt,Downs,542,17.06269,0.0314809779
calhk001,Kole,Calhoun,255,10.05043,0.039413451
cartc002,Chris,Carter,1006,31.21418,0.0310280119
gonzm002,Marwin,Gonzalez,465,13.31797,0.0286407957
scalb001,Bobby,Scales,20,1.45517,0.0727585
dankj002,Jordan,Danks,262,8.59996,0.0328242748
winnr001,Randy,Winn,242,8.13183,0.0336026033
lavar001,Ryan,Lavarnway,295,10.94399,0.0370982712
handd001,nan,nan,15,0.3,0.02
gee-d001,Dillon,Gee,180,5.24796,0.0291553333
semim001,nan,nan,73,2.25381,0.0308741096
vanss001,Scott,Van Slyke,216,5.35223,0.0247788426
recka001,Anthony,Recker,234,9.23879,0.0394820085
color001,Roman,Colon,1,0.04376,0.04376
dankj001,John,Danks,14,0.18062,0.0129014286
garnc001,Cole,Garner,12,0.69066,0.057555
romia002,Austin,Romine,180,8.54267,0.0474592778
hudsk001,Kyle,Hudson,30,0.92173,0.0307243333
soria001,Alfonso,Soriano,2372,66.43,0.0280059022
medit001,nan,nan,83,1.84568,0.0222371084
marto001,Osvaldo,Martinez,75,3.44987,0.0459982667
taylm001,Michael,Taylor,83,3.08101,0.0371206024
halts002,nan,nan,113,2.95168,0.0261210619
choos001,Shin-Soo,Choo,2505,92.42177,0.0368949182
pereh001,Hernan,Perez,73,2.20509,0.0302067123
davii001,Ike,Davis,1784,59.90323,0.0335780437
redmm001,Mike,Redmond,69,2.73057,0.0395734783
bellj004,Josh,Bell,292,10.52376,0.036040274
negrk001,Kristopher,Negron,5,0.12003,0.024006
millb002,nan,nan,344,9.4957,0.0276037791
narvc001,Chris,Narveson,124,4.78201,0.0385645968
triuc001,Carlos,Triunfel,73,2.30979,0.0316409589
kelld001,Don,Kelly,970,32.03605,0.0330268557
kiesr001,nan,nan,101,3.64897,0.0361284158
whita001,Alex,White,48,1.49002,0.0310420833
boesb001,Brennan,Boesch,1582,66.65573,0.0421338369
mahoj001,Joe,Mahoney,33,0.34164,0.0103527273
lucrj001,Jonathan,Lucroy,1809,58.58411,0.0323848038
procs001,Scott,Proctor,3,0.00488,0.0016266667
galvf001,Freddy,Galvis,428,10.5436,0.0246345794
boscj001,J.C.,Boscan,32,0.73159,0.0228621875
mastd002,Darin,Mastroianni,275,10.77556,0.0391838545
zitob001,Barry,Zito,202,7.3629,0.03645
jimel001,Luis Antonio,Jimenez,18,0.72771,0.0404283333
hudst001,Tim,Hudson,289,8.84768,0.0306148097
colvt001,Tyler,Colvin,1182,44.67867,0.0377992132
guthj001,Jeremy,Guthrie,44,0.67271,0.0152888636
mcgec001,Casey,McGehee,1680,68.37278,0.0406980833
chave002,Endy,Chavez,759,20.52235,0.0270386693
chave001,Eric,Chavez,904,28.39867,0.031414458
niesj001,Jonathon,Niese,241,10.13799,0.0420663485
diazj004,nan,nan,5,0.24359,0.048718
bourp001,Peter,Bourjos,1173,42.26222,0.0360291731
pridj001,Jason,Pridie,263,7.15352,0.0271996958
colec001,Casey,Coleman,55,1.20143,0.0218441818
latom001,Mat,Latos,289,5.84196,0.0202143945
sandj002,Jerry,Sands,258,9.19129,0.035625155
dempr002,Ryan,Dempster,181,8.0728,0.044601105
arenn001,nan,nan,532,18.13893,0.0340957331
alvap001,Pedro,Alvarez,1928,51.96519,0.0269528994
branr001,Russell,Branyan,609,21.19876,0.0348091297
milew001,Wade,Miley,164,5.18857,0.031637622
snydb002,Brad,Snyder,37,0.36298,0.0098102703
snydb003,Brandon,Snyder,165,7.38756,0.0447730909
hickb002,Brandon,Hicks,100,2.57093,0.0257093
wheer001,Ryan,Wheeler,164,6.05883,0.0369440854
cantj001,Jorge,Cantu,720,28.89997,0.0401388472
lucae001,nan,nan,391,10.25024,0.0262154476
bartd001,Daric,Barton,1315,53.00533,0.0403082357
hughl001,Luke,Hughes,363,12.20842,0.033632011
valed001,Danny,Valencia,1294,41.11587,0.0317742427
bakej002,John,Baker,380,13.34465,0.0351175
castw002,Welington,Castillo,678,19.37277,0.0285734071
navay001,Yamaico,Navarro,205,6.54623,0.0319328293
germj001,Justin,Germano,24,0.82006,0.0341691667
heisc001,Chris,Heisey,1194,35.78105,0.0299673786
laruj001,Jason,LaRue,65,2.33661,0.0359478462
gloar001,Ross,Gload,272,11.43244,0.0420310294
middw001,Will,Middlebrooks,702,26.1616,0.0372672365
abreb001,Bobby,Abreu,1586,56.20796,0.0354400757
daviw001,Wade,Davis,11,0.5842,0.0531090909
jimeu001,Ubaldo,Jimenez,136,5.36951,0.0394816912
tracc001,Chad,Tracy,411,10.33038,0.0251347445
roben001,Nate,Robertson,35,0.11185,0.0031957143
kipnj001,Jason,Kipnis,1545,57.78924,0.0374040388
bogub001,Brian,Bogusevic,800,28.63783,0.0357972875
sanch002,Hector,Sanchez,428,12.89325,0.0301244159
boxbb001,Brad,Boxberger,3,0.62162,0.2072066667
altuj001,Jose,Altuve,1604,44.94091,0.0280180237
tekob001,Blake,Tekotte,95,2.81538,0.0296355789
peres002,Salvador,Perez,1023,37.93118,0.0370783773
renda001,nan,nan,409,11.3095,0.0276515892
edmoj001,Jim,Edmonds,279,10.42004,0.0373478136
hernr002,Ramon,Hernandez,973,33.34408,0.0342693525
stule002,Eric,Stults,107,3.76112,0.0351506542
gibbj002,Jay,Gibbons,147,3.00621,0.0204504082
garzm001,Matt,Garza,129,2.93822,0.0227768992
raucj001,Jon,Rauch,2,0.70357,0.351785
hanst001,Tommy,Hanson,181,7.10381,0.0392475691
lewif001,Fred,Lewis,735,21.95569,0.0298716871
carrb001,Brett,Carroll,99,4.07238,0.0411351515
johnj009,Josh,Johnson,151,3.11774,0.0206472848
counc001,Craig,Counsell,433,11.73074,0.0270917783
rodrs002,Sean,Rodriguez,1455,50.24007,0.0345292577
nievw001,Wil,Nieves,540,15.88161,0.0294103889
thayd001,Dale,Thayer,1,0.02053,0.02053
braur002,Ryan,Braun,2393,102.08235,0.0426587338
luebc001,Cory,Luebke,55,1.99925,0.03635
piera001,A.J.,Pierzynski,2109,65.48201,0.0310488431
granc001,Curtis,Granderson,2328,91.15037,0.039153939
chatt001,Tyler,Chatwood,77,1.91824,0.0249122078
martc005,Cristhian,Martinez,15,0.47825,0.0318833333
marta005,nan,nan,48,1.18891,0.0247689583
marta004,Andy,Marte,194,4.82228,0.0248571134
falui001,Irving,Falu,97,2.7608,0.0284618557
kubej002,Jason,Kubel,1927,72.86039,0.0378102698
bradj001,nan,nan,112,4.55893,0.0407047321
chama002,Adron,Chambers,118,4.2044,0.0356305085
fedet001,Tim,Federowicz,196,5.59622,0.0285521429
uribj002,Juan,Uribe,1610,48.35516,0.0300342609
peraw001,Wily,Peralta,75,1.3361,0.0178146667
andir001,Robert,Andino,1143,44.64064,0.039055678
wachm001,nan,nan,30,1.21905,0.040635
montj003,Jesus,Montero,760,25.14632,0.0330872632
sancg001,Gaby,Sanchez,2023,77.49453,0.0383067375
reveb001,Ben,Revere,1432,54.96014,0.038379986
stewc001,Chris,Stewart,722,25.30648,0.0350505263
wilsc004,C.J.,Wilson,31,1.3149,0.042416129
pierj002,Juan,Pierre,2267,90.2535,0.0398118659
kenni001,Ian,Kennedy,292,9.79562,0.0335466438
magim001,nan,nan,8,0.01515,0.00189375
camps002,Shawn,Camp,1,0.28545,0.28545
amara001,Alexi,Amarista,788,24.98957,0.0317126523
cuddm001,Michael,Cuddyer,2263,82.51811,0.0364640345
hartc001,Corey,Hart,1883,67.14954,0.0356609347
gosea001,Anthony,Gose,356,11.89256,0.0334060674
mathj001,Jeff,Mathis,1031,33.81191,0.032795257
satij001,Josh,Satin,263,12.03786,0.0457713308
bettc001,nan,nan,14,0.49467,0.0353335714
dudal001,Lucas,Duda,1323,47.30365,0.0357548375
polap001,Placido,Polanco,1995,62.97077,0.0315642957
frann001,nan,nan,421,12.06515,0.0286583135
dewib001,Blake,DeWitt,798,24.29523,0.0304451504
burrb001,Brian,Burres,31,1.28098,0.0413219355
andre001,Elvis,Andrus,3069,131.6566,0.0428988596
leons001,Sandy,Leon,42,1.29253,0.0307745238
moors001,Scott,Moore,338,7.46124,0.0220746746
peacb001,Brad,Peacock,5,0.30123,0.060246
ibanr001,Raul,Ibanez,2263,72.70469,0.0321275696
greeg002,nan,nan,158,4.30429,0.0272423418
worlv001,Vance,Worley,96,2.42842,0.0252960417
ellia001,A.J.,Ellis,1277,38.36494,0.0300430227
garcj004,Jaime,Garcia,209,8.36959,0.0400458852
guilc001,Carlos,Guillen,379,12.35244,0.03259219
atill001,Luis,Atilano,27,1.22319,0.0453033333
gardb001,Brett,Gardner,1922,76.15909,0.0396249168
lopej002,Javier,Lopez,3,0.35207,0.1173566667
lopej003,Jose,Lopez,1155,33.2176,0.0287598268
matsd001,Daisuke,Matsuzaka,21,0.62573,0.0297966667
lallb001,Blake,Lalli,43,1.21859,0.0283393023
kersc001,Clayton,Kershaw,342,9.22613,0.0269769883
galls001,Sean,Gallagher,8,0.40762,0.0509525
iannc001,Chris,Iannetta,1345,50.08445,0.0372375093
canzr001,Russ,Canzler,105,3.45068,0.032863619
adduj002,nan,nan,36,0.71726,0.0199238889
buted001,Drew,Butera,558,17.95339,0.0321745341
blana001,Andres,Blanco,281,15.27703,0.0543666548
rodrh003,Henry,Rodriguez,28,0.18062,0.0064507143
murpj001,nan,nan,28,0.64466,0.0230235714
moora001,Adam,Moore,258,4.8051,0.0186244186
moorm003,Matt,Moore,7,0.92108,0.1315828571
michj001,Jason,Michaels,382,10.54167,0.0275959948
jennd003,Dan,Jennings,1,0.13213,0.13213
rottv001,Vinny,Rottino,88,2.65598,0.0301815909
hermj001,Jeremy,Hermida,337,9.38884,0.0278600593
hayeb001,Brett,Hayes,377,8.77873,0.023285756
gregd001,Didi,Gregorius,437,16.45706,0.0376591762
cairm001,Miguel,Cairo,687,23.16595,0.0337204512
kellc001,Casey,Kelly,12,1.11293,0.0927441667
fordl001,Lew,Ford,90,2.15159,0.0239065556
mclon001,Nate,McLouth,1564,52.45346,0.0335380179
nix-j001,Jayson,Nix,1068,37.14042,0.0347756742
hamim001,Mark,Hamilton,67,2.75953,0.0411870149
quinr002,Robb,Quinlan,40,1.41696,0.035424
freef001,Freddie,Freeman,1980,68.46225,0.0345768939
huffc001,Chad,Huffman,23,0.68803,0.0299143478
bellr002,Ronnie,Belliard,192,10.15784,0.0529054167
diazm003,Matt,Diaz,678,20.85018,0.0307524779
dunnm002,Michael,Dunn,4,0.35207,0.0880175
hawpb001,Brad,Hawpe,622,21.40704,0.034416463
puigy001,nan,nan,483,16.33025,0.0338100414
baldr001,Rocco,Baldelli,29,1.45731,0.050252069
wertj001,Jayson,Werth,2308,81.0114,0.03510026
talbm001,Mitch,Talbot,8,0.28016,0.03502
jaraj001,Jason,Jaramillo,146,4.40161,0.0301480137
grudm001,Mark,Grudzielanek,125,4.85307,0.03882456
escoe001,Eduardo,Escobar,341,16.09305,0.047193695
flynb001,nan,nan,6,0.18895,0.0314916667
gomec002,Carlos,Gomez,1684,55.2187,0.0327902019
bloow001,Willie,Bloomquist,1121,39.91245,0.0356043265
carpc002,Chris,Carpenter,189,2.47958,0.0131194709
ohler001,Ross,Ohlendorf,81,1.91804,0.0236795062
weavj003,Jered,Weaver,21,1.02837,0.04897
weavj002,Jeff,Weaver,5,0.15793,0.031586
lougd001,David,Lough,414,14.31707,0.0345822947
dunna001,Adam,Dunn,2507,98.33231,0.0392230993
clarc001,nan,nan,44,1.12534,0.0255759091
raleb001,Brooks,Raley,15,0.73625,0.0490833333
headc001,Chase,Headley,2532,92.41994,0.0365007662
bedae001,Erik,Bedard,53,2.27017,0.0428333962
jennd002,Desmond,Jennings,1556,48.94017,0.0314525514
reddj001,Josh,Reddick,1549,57.70108,0.0372505358
casia001,Alexi,Casilla,1027,38.48062,0.0374689581
gamem001,Mat,Gamel,122,4.99648,0.0409547541
paxtj001,nan,nan,2,0.23869,0.119345
almoa001,nan,nan,83,2.79406,0.0336633735
veraj001,Jose,Veras,1,0.28144,0.28144
mcalz001,Zach,McAllister,5,0.5895,0.1179
moscg001,Guillermo,Moscoso,19,0.4466,0.0235052632
carre001,Ezequiel,Carrera,413,14.02412,0.033956707
hared001,Dan,Haren,125,4.96192,0.03969536
uggld001,Dan,Uggla,2597,88.92809,0.0342426223
gordd002,Dee,Gordon,682,22.41494,0.0328664809
blumg001,Geoff,Blum,313,11.19068,0.0357529712
hicka001,nan,nan,322,9.52066,0.0295672671
bartj001,Jason,Bartlett,1344,48.64929,0.0361973884
morak001,Kendrys,Morales,1432,43.79449,0.0305827444
castj004,Juan,Castro,158,5.62424,0.0355964557
kraum001,nan,nan,153,4.05155,0.026480719
santc002,Carlos,Santana,2198,81.59021,0.0371202047
lakej001,nan,nan,262,7.81621,0.0298328626
floyg001,Gavin,Floyd,13,0.16704,0.0128492308
gonzg003,Gio,Gonzalez,154,3.31087,0.0214991558
lillt001,Ted,Lilly,150,1.65991,0.0110660667
hoffm001,Micah,Hoffpauir,60,2.90323,0.0483871667
campt001,Tony,Campana,408,12.60516,0.030895
patte001,Eric,Patterson,313,8.53101,0.027255623
fordd002,Darren,Ford,17,0.43359,0.0255052941
montl001,Luis,Montanez,119,1.85534,0.0155910924
hosme001,Eric,Hosmer,1921,79.47237,0.0413703123
rodrf003,Francisco,Rodriguez,2,0.20154,0.10077
chirr001,Robinson,Chirinos,97,1.3732,0.014156701
ziegb001,Brad,Ziegler,6,0.27208,0.0453466667
rodrf004,Fernando,Rodriguez,4,0.14101,0.0352525
cirip001,Pedro,Ciriaco,459,13.60303,0.0296362309
mcguc001,nan,nan,35,0.82587,0.0235962857
moram002,Melvin,Mora,507,16.0431,0.0316431953
pillb001,Brett,Pill,265,9.21163,0.0347608679
cozaz001,Zach,Cozart,1325,38.2591,0.0288747925
zaung001,Gregg,Zaun,119,4.10284,0.0344776471
jonea002,Andruw,Jones,845,28.79704,0.0340793373
joneg002,Garrett,Jones,2187,70.3558,0.0321700046
calla001,Alberto,Callaspo,2255,90.3526,0.0400676718
ecksd001,David,Eckstein,515,16.79347,0.0326086796
morsm001,Mike,Morse,1695,50.43606,0.0297557876
younc004,Chris,Young,2161,68.33502,0.0316219435
buehm001,Mark,Buehrle,84,1.91288,0.022772381
jacom001,Mike,Jacobs,53,2.04619,0.0386073585
ellim001,Mark,Ellis,2083,79.05347,0.0379517379
johnd004,Dan,Johnson,295,7.15336,0.024248678
podss001,Scott,Podsednik,834,29.56951,0.035455048
valdj002,Jordany,Valdespin,354,9.54891,0.026974322
kendh001,Howie,Kendrick,2436,86.4586,0.0354920361
younc003,Chris,Young,54,0.95641,0.0177112963
may-l001,Lucas,May,41,1.06121,0.0258831707
millj004,Jai,Miller,74,2.20651,0.0298177027
polla001,A.J.,Pollock,585,15.41113,0.026343812
maldc003,Carlos,Maldonado,24,1.03736,0.0432233333
bardb001,Brian,Barden,38,2.46243,0.0648007895
keucd001,Dallas,Keuchel,30,1.37486,0.0458286667
takah001,Hisanori,Takahashi,20,0.71818,0.035909
hellj002,nan,nan,11,0.18106,0.01646
hellj001,Jeremy,Hellickson,7,0.4466,0.0638
wangc001,Chien-Ming,Wang,27,0.10465,0.0038759259
tovaw001,nan,nan,19,0.79883,0.0420436842
cabrm002,Melky,Cabrera,2178,83.00855,0.0381122819
cabrm001,Miguel,Cabrera,2903,135.28084,0.0466003583
schaj002,Jordan,Schafer,986,26.01379,0.0263831542
sappd001,Dave,Sappelt,278,4.65807,0.0167556475
morgn001,Nyjer,Morgan,1391,45.09839,0.03242156
delgr001,Randall,Delgado,78,2.27928,0.0292215385
adamr003,Ryan,Adams,102,4.46596,0.0437839216
wietm001,Matt,Wieters,2309,62.64163,0.027129333
reedj004,Jeremy,Reed,32,0.72161,0.0225503125
felds001,Scott,Feldman,51,1.49385,0.0292911765
kuroh001,Hiroki,Kuroda,150,3.70622,0.0247081333
rodri001,Ivan,Rodriguez,581,20.72728,0.0356751807
willr004,Reggie,Willits,217,5.30164,0.0244315207
lowrj001,Jed,Lowrie,1666,62.56108,0.0375516687
sucrj001,nan,nan,29,0.18062,0.0062282759
stras001,Stephen,Strasburg,146,5.06267,0.0346758219
kotsm001,Mark,Kotsay,990,32.73664,0.0330673131
genns001,nan,nan,237,8.22119,0.0346885654
volqe001,Edinson,Volquez,170,4.20861,0.0247565294
lestj001,Jon,Lester,28,1.68832,0.0602971429
paytj001,Jay,Payton,37,0.85447,0.0230937838
thurj001,Joseph,Thurston,4,0.4466,0.11165
ellsj001,Jacoby,Ellsbury,1885,74.83865,0.0397022016
blacc001,Charlie,Blackmon,489,18.44277,0.0377152761
stera001,Adam,Stern,8,0.4466,0.055825
johnn001,Nick,Johnson,206,6.9075,0.0335315534
rosst001,Tyson,Ross,39,0.9701,0.024874359
keppj001,Jeff,Keppinger,1944,69.0224,0.0355053498
klubc001,Corey,Kluber,3,0.28144,0.0938133333
woodc001,Chris,Woodward,33,0.76194,0.0230890909
cruzn002,Nelson,Cruz,2261,68.96485,0.0305019239
ortid001,David,Ortiz,2344,92.80549,0.0395927858
cainl001,Lorenzo,Cain,891,32.30224,0.0362539169
tosor001,Rene,Tosoni,197,4.7051,0.0238837563
ryu-h001,nan,nan,74,3.89843,0.0526814865
pinej001,Joel,Pineiro,11,0.63351,0.0575918182
andeg001,Garret,Anderson,168,3.78529,0.0225314881
hessm001,Mike,Hessman,67,1.50812,0.0225092537
wellt002,Todd,Wellemeyer,21,1.07257,0.0510747619
hafnt001,Travis,Hafner,1458,56.65491,0.038857963
richc002,Clayton,Richard,199,5.87113,0.0295031658
espid001,Danny,Espinosa,1672,50.17697,0.0300101495
berrq001,Quintin,Berry,382,17.60457,0.0460852618
axeld001,Dylan,Axelrod,2,0.65632,0.32816
canor001,Robinson,Cano,2943,108.48883,0.0368633469
craia001,Allen,Craig,1584,70.31106,0.0443882955
pie-f001,Felix,Pie,525,17.99581,0.0342777333
ariaj001,Joaquin,Arias,741,23.18766,0.0312923887
santr002,Ramon,Santiago,1229,49.54781,0.0403155492
utlec001,Chase,Utley,2002,89.86462,0.0448874226
ramow001,Wilson,Ramos,952,28.65799,0.0301029307
david002,Doug,Davis,28,0.18106,0.0064664286
roenj001,Josh,Roenicke,15,0.23628,0.015752
cunnt001,nan,nan,8,0.34129,0.04266125
aybaw001,Willy,Aybar,334,8.82383,0.0264186527
carmf001,Fausto,Carmona,12,1.0819,0.0901583333
montl002,Luke,Montz,30,0.74578,0.0248593333
rosaw001,Wilin,Rosario,988,32.63177,0.0330281073
navao001,Oswaldo,Navarro,25,0.72169,0.0288676
solaj002,Jhonatan,Solano,88,2.01432,0.02289
garlj001,Jon,Garland,108,3.17786,0.0294246296
orr-p001,Pete,Orr,188,3.488,0.0185531915
wellk001,Kip,Wells,14,0.58097,0.0414978571
reimn001,Nolan,Reimold,670,23.20314,0.0346315522
komae001,Erik,Komatsu,59,2.53147,0.0429062712
felip001,Pedro,Feliz,441,14.82363,0.0336136735
consj001,Jose,Constanza,241,8.02925,0.03331639
happj001,J.A.,Happ,124,4.05586,0.0327085484
watkl001,nan,nan,42,1.17989,0.028092619
boggb001,Brandon,Boggs,31,1.4938,0.0481870968
miscp001,Pat,Misch,9,0.86282,0.0958688889
rente001,Edgar,Renteria,663,20.90037,0.0315239367
schoj001,nan,nan,15,0.09026,0.0060173333
robic002,nan,nan,12,0.38424,0.03202
seagk001,Kyle,Seager,1601,47.10024,0.029419263
velee001,Eugenio,Velez,108,2.92326,0.0270672222
jacke001,Edwin,Jackson,210,7.37063,0.0350982381
montm001,Miguel,Montero,2035,79.60805,0.0391194349
giamj001,Jason,Giambi,729,22.49841,0.0308620165
marsl001,Lou,Marson,827,30.9712,0.0374500605
brucj001,Jay,Bruce,2679,97.65383,0.0364515976
youkk001,Kevin,Youkilis,1634,61.80329,0.0378233109
ogana001,Alexi,Ogando,6,0.20365,0.0339416667
bay-j001,Jason,Bay,1427,52.43028,0.0367416118
powel001,Landon,Powell,259,8.46379,0.0326787259
wrigd002,David,Wright,2387,96.17137,0.0402896397
fryee001,Eric,Fryer,50,2.32393,0.0464786
fifes001,Stephen,Fife,28,0.51278,0.0183135714
flahr001,Ryan,Flaherty,453,11.5014,0.025389404
mazzv001,Vin,Mazzaro,18,0.80174,0.0445411111
lemad001,DJ,LeMahieu,766,25.7106,0.033564752
heltt001,Todd,Helton,1773,71.46164,0.0403054935
guyeb001,Brandon,Guyer,50,1.40103,0.0280206
couss001,Scott,Cousins,200,5.94343,0.02971715
tatif001,Fernando,Tatis,74,1.9754,0.0266945946
belte002,nan,nan,42,1.85875,0.0442559524
tolbm001,Matt,Tolbert,341,15.20879,0.0446005572
gonza005,Alberto,Gonzalez,600,19.92066,0.0332011
jackc002,Conor,Jackson,655,25.27466,0.0385872672
casha001,Andrew,Cashner,75,2.58046,0.0344061333
morem001,Mitch,Moreland,1688,52.73226,0.0312394905
gonza003,Adrian,Gonzalez,2884,106.8796,0.0370595007
gonza002,Alex,Gonzalez,1496,46.31383,0.0309584425
chavj001,Jesse,Chavez,5,0.25951,0.051902
tronr001,Ramon,Troncoso,4,0.38687,0.0967175
atkim001,Mitch,Atkins,2,0.13299,0.066495
nelsc001,Chris,Nelson,849,33.92089,0.039953934
bailh001,Homer,Bailey,238,6.33618,0.026622605
dural001,Luis,Durango,60,2.38035,0.0396725
belim001,Matt,Belisle,14,0.58527,0.041805
dozib001,Brian,Dozier,998,33.38787,0.0334547796
wellc001,Casper,Wells,786,25.18499,0.032041972
kotcc001,Casey,Kotchman,1615,48.61273,0.0301007616
kawam001,Munenori,Kawasaki,418,16.83662,0.0402789952
cartc001,Chris,Carter,183,4.9644,0.0271278689
freed001,David,Freese,1954,77.73883,0.0397844575
dickb001,Brandon,Dickson,5,0.3973,0.07946
byrdt001,Tim,Byrdak,2,0.20181,0.100905
linda001,Adam,Lind,2081,64.47632,0.0309833349
villc001,Carlos,Villanueva,45,0.60813,0.013514
konep001,Paul,Konerko,2515,94.60314,0.0376155626
rogee002,Esmil,Rogers,61,2.68847,0.0440732787
wongk001,nan,nan,71,1.8843,0.0265394366
gorzt001,Tom,Gorzelanny,105,2.42923,0.0231355238
carsr001,Robert,Carson,1,0.28117,0.28117
eldrb001,Brad,Eldred,44,0.97831,0.0222343182
sweer001,Ryan,Sweeney,1095,37.56338,0.0343044566
bassa001,Anthony,Bass,39,0.8993,0.0230589744
lucyd001,Donny,Lucy,29,0.31812,0.0109696552
curtj002,nan,nan,5,0.24742,0.049484
browj006,Jordan,Brown,114,4.36738,0.0383103509
zawal001,Lance,Zawadzki,44,1.42368,0.0323563636
mangm001,Matt,Mangini,41,1.1845,0.0288902439
farre001,Eric,Farris,11,0.09783,0.0088936364
ausmb001,Brad,Ausmus,73,3.54765,0.0485979452
cashk001,Kevin,Cash,134,2.29905,0.0171570896
burrp001,Pat,Burrell,729,22.6003,0.0310017833
philb001,Brandon,Phillips,2804,105.94892,0.0377849215
molij001,Jose,Molina,1007,26.87619,0.0266893644
gomeh001,Hector,Gomez,7,0.28545,0.0407785714
helmw001,Wes,Helms,418,11.47493,0.0274519856
thomr005,Rich,Thompson,24,0.26884,0.0112016667
ceder002,Ronny,Cedeno,1450,34.05095,0.0234834138
rohlr001,Ryan,Rohlinger,20,1.1987,0.059935
mejij001,Jenrry,Mejia,19,1.69118,0.0890094737
schus001,Skip,Schumaker,1683,62.28251,0.037006839
robid002,nan,nan,223,7.04243,0.0315804036
ramia003,Alexei,Ramirez,2730,94.66828,0.0346770256
ramia001,Aramis,Ramirez,2213,74.00695,0.0334419114
gomej002,Jeanmar,Gomez,18,0.63223,0.0351238889
bakes002,Scott,Baker,13,0.02731,0.0021007692
getzc001,Chris,Getz,1158,42.13046,0.0363820898
gomej001,Jonny,Gomes,1764,68.28184,0.0387085261
dinkb001,Brian,Dinkelman,82,2.99903,0.0365735366
hairj002,Jerry,Hairston,1447,42.66903,0.0294879267
guzmj005,Jesus,Guzman,955,34.19733,0.0358087225
grosg002,Gabe,Gross,255,8.39084,0.0329052549
urruh001,nan,nan,58,2.23716,0.0385717241
harrw001,Willie,Harris,626,21.37781,0.0341498562
linct001,Tim,Lincecum,303,5.99704,0.0197922112
headj001,Jerad,Head,27,0.33257,0.0123174074
mikom001,Miles,Mikolas,3,0.14101,0.0470033333
tehej001,Julio,Teheran,75,1.01186,0.0134914667
murpd006,Dan,Murphy,1805,64.50848,0.0357387701
kobej001,nan,nan,38,0.75225,0.0197960526
fox-j001,Jake,Fox,281,6.62941,0.0235922064
castl001,Luis,Castillo,313,11.00157,0.0351487859
venaw001,Will,Venable,1927,60.60313,0.0314494707
damoj001,Johnny,Damon,1583,56.89614,0.0359419709
phelc001,Cord,Phelps,126,3.26202,0.0258890476
sullc001,Cory,Sullivan,71,3.26381,0.0459691549
cabro001,Orlando,Cabrera,1060,31.88918,0.0300841321
bogax001,nan,nan,90,3.81211,0.0423567778
gwynt002,Tony,Gwynn,989,32.968,0.0333346815
garcl004,nan,nan,113,2.64119,0.0233733628
pavac001,Carl,Pavano,16,0.38216,0.023885
nadyx001,Xavier,Nady,761,25.50212,0.0335113272
fernj003,nan,nan,59,1.56994,0.0266091525
hagum001,Matt,Hague,78,4.47991,0.0574347436
victs001,Shane,Victorino,2642,107.96479,0.0408647956
badeb001,Burke,Badenhop,11,0.89996,0.0818145455
shucj001,J.B.,Shuck,585,18.49737,0.0316194359
overl001,Lyle,Overbay,1725,46.46771,0.0269378029
haraa001,Aaron,Harang,178,6.69267,0.0375992697
casts001,Starlin,Castro,2692,78.14597,0.0290289636
fielt001,Thomas,Field,83,1.69591,0.0204326506
koeht001,Tom,Koehler,42,0.61021,0.0145288095
hardr001,Rich,Harden,2,0.00083,0.000415
wellv001,Vernon,Wells,1958,58.20958,0.0297291011
watst001,Tony,Watson,5,0.4466,0.08932
clemj001,Jeff,Clement,184,5.65324,0.0307241304
maybj001,John,Mayberry,1204,39.24311,0.0325939452
slowk001,Kevin,Slowey,32,0.53485,0.0167140625
carsm001,Matt,Carson,169,4.33629,0.0256585207
poseb001,Buster,Posey,2032,74.78583,0.0368040502
cooka002,Aaron,Cook,83,3.17276,0.0382260241
turnj001,Justin,Turner,943,37.5748,0.0398460233
barmc001,Clint,Barmes,1823,48.81709,0.0267784366
hamib001,nan,nan,22,1.15985,0.0527204545
owinc001,nan,nan,61,1.12165,0.0183877049
atkig001,Garrett,Atkins,156,3.85103,0.0246860897
milea001,Aaron,Miles,655,26.03761,0.0397520763
scahr001,Rob,Scahill,4,0.18106,0.045265
crosb002,Bobby,Crosby,196,4.98366,0.0254268367
bowkj001,John,Bowker,201,5.3255,0.0264950249
marqj001,Jason,Marquis,158,4.06102,0.0257026582
centj001,nan,nan,10,0.11937,0.011937
cruzl001,Luis,Cruz,517,14.98148,0.0289777176
cuetj001,Johnny,Cueto,231,6.69364,0.0289767965
martr004,Russell,Martin,1993,65.53079,0.0328804767
arrej001,Jose,Arredondo,2,0.38424,0.19212
cataf001,Frank,Catalanotto,26,1.39094,0.0534976923
fielj001,Josh,Fields,52,1.08189,0.0208055769
lopew001,Wilton,Lopez,1,0.19233,0.19233
rossd001,David,Ross,674,19.16416,0.0284334718
varij001,Jason,Varitek,383,16.39862,0.0428162402
matsh001,Hideki,Matsui,1298,41.48685,0.0319621341
curtc002,Colin,Curtis,66,3.17025,0.0480340909
teixm001,Mark,Teixeira,2148,91.23419,0.0424740177
petes002,nan,nan,8,0.1669,0.0208625
deaza001,Alejandro,de Aza,1505,48.57639,0.0322766711
iztuc001,Cesar,Izturis,877,27.02363,0.0308137172
white004,Eli,Whiteside,410,13.49083,0.0329044634
bardj001,Josh,Bard,218,5.17454,0.023736422
hawkb001,Blake,Hawksworth,19,1.5081,0.0793736842
anglm001,Matt,Angle,97,2.43544,0.0251076289
robis001,Shane,Robinson,392,12.58737,0.0321106378
skagt001,Tyler,Skaggs,22,0.97801,0.044455
davib005,Blake,Davis,67,1.84778,0.027578806
wilsb002,Bobby,Wilson,456,16.1268,0.0353657895
martf002,Fernando,Martinez,217,6.75173,0.0311139631
drews001,Stephen,Drew,1958,70.33608,0.0359224106
troum001,Mike,Trout,1525,70.76932,0.0464061115
furcr001,Rafael,Furcal,1445,49.59431,0.0343213218
navae001,Efren,Navarro,18,0.62106,0.0345033333
desmi001,Ian,Desmond,2514,76.35869,0.030373385
pettj001,nan,nan,33,1.77398,0.0537569697
duffd001,Danny,Duffy,3,0.44967,0.14989
wheez001,nan,nan,34,0.73918,0.0217405882
gaudc001,Chad,Gaudin,38,1.12119,0.029505
chenw001,Wei-Yin,Chen,7,0.63284,0.0904057143
sancf001,Freddy,Sanchez,849,37.11793,0.0437195878
ryalr001,Rusty,Ryal,226,5.83245,0.0258073009
smitg002,Greg,Smith,16,0.61106,0.03819125
carpm001,Mike,Carp,811,24.62575,0.0303646732
therr001,Ryan,Theriot,1609,61.36903,0.0381411001
uptoj001,Justin,Upton,2653,108.26634,0.0408090237
jasoj001,John,Jaso,1365,54.1924,0.0397013919
sandp001,Pablo,Sandoval,2255,72.87672,0.0323178359
martj005,J.D.,Martin,14,0.29321,0.0209435714
franj005,Juan,Francisco,768,24.10831,0.0313910286
franj004,Jeff,Francoeur,2120,67.21884,0.031707
franj003,Jeff,Francis,93,2.25594,0.0242574194
bianj001,Jeff,Bianchi,338,9.17974,0.0271589941
penab002,Brayan,Pena,917,35.79035,0.0390298255
darnc001,Chase,d'Arnaud,166,5.89805,0.0355304217
padiv001,Vicente,Padilla,38,3.57106,0.0939752632
rodrj003,Josh,Rodriguez,15,0.36413,0.0242753333
stpim001,Max,St. Pierre,9,0.55753,0.0619477778
goldp001,Paul,Goldschmidt,1544,65.63437,0.042509307
gillc001,Conor,Gillaspie,502,16.99495,0.0338544821
volsc001,Chris,Volstad,149,3.98581,0.0267504027
berkl001,Lance,Berkman,1606,67.21033,0.0418495205
ramim002,Manny,Ramirez,348,15.13168,0.0434818391
moyej001,Jamie,Moyer,52,1.72291,0.0331328846
shiej002,James,Shields,18,1.38028,0.0766822222
crawb001,Brandon,Crawford,1351,47.90007,0.0354552702
molib001,Bengie,Molina,470,19.57469,0.0416482766
maybc001,Cameron,Maybin,1536,50.80216,0.0330743229
branm003,Michael,Brantley,2105,72.12851,0.0342653254
coghc001,Chris,Coghlan,1047,34.24536,0.0327080802
mayse001,Edwin,Maysonet,66,2.12377,0.0321783333
herre001,Elian,Herrera,238,9.92807,0.0417145798
pennc001,Cliff,Pennington,2017,73.40661,0.0363939564
lannj001,John,Lannan,153,3.59316,0.0234847059
hu--c001,Chin-lung,Hu,49,0.39648,0.0080914286
roles001,Scott,Rolen,1201,47.62116,0.0396512573
johnk003,Kelly,Johnson,2371,72.44241,0.0305535259
martl002,Luis,Martinez,88,3.29144,0.0374027273
eveld001,Dana,Eveland,12,0.16704,0.01392
martl004,Leonys,Martin,589,21.30504,0.036171545
churr001,Ryan,Church,244,7.25775,0.029744877
infao001,Omar,Infante,2395,85.76041,0.0358081044
almoz001,nan,nan,116,3.65022,0.0314674138
garcf002,Freddy,Garcia,28,0.95742,0.0341935714
mercj002,Jordy,Mercer,464,14.83636,0.0319749138
geruj001,Jody,Gerut,78,2.43821,0.0312591026
browa003,Andrew,Brown,323,8.19889,0.0253835604
ishit001,Travis,Ishikawa,398,14.16224,0.0355835176
bourm001,Michael,Bourn,2664,87.86227,0.0329813326
jacka001,Austin,Jackson,2789,107.88249,0.0386814234
paulf001,Felipe,Paulino,34,1.7861,0.0525323529
cunna001,Aaron,Cunningham,371,13.28845,0.0358179245
rutlj001,Josh,Rutledge,624,21.57253,0.0345713622
ruggj001,Justin,Ruggiano,932,27.72129,0.0297438734
stewi001,Ian,Stewart,803,29.68606,0.0369689415
laroa002,Andy,LaRoche,386,14.07179,0.0364554145
laroa001,Adam,LaRoche,2116,76.81465,0.0363018195
myerb001,Brett,Myers,148,4.3497,0.0293898649
russk001,Kevin,Russo,55,1.93543,0.0351896364
ryanb002,Brendan,Ryan,1866,59.93604,0.0321200643
paulx001,Xavier,Paul,752,22.70314,0.0301903457
norrd001,Derek,Norris,565,21.35206,0.0377912566
holms002,Steve,Holm,18,1.38837,0.0771316667
lowed001,Derek,Lowe,142,5.02476,0.0353856338
weekr001,Rickie,Weeks,2466,77.55671,0.0314504096
savej001,Joe,Savery,3,0.4466,0.1488666667
franb001,Ben,Francisco,776,23.93812,0.0308480928
lunah001,Hector,Luna,97,0.54688,0.0056379381
petiy001,Yusmeiro,Petit,18,0.80954,0.0449744444
janip001,Paul,Janish,859,29.93694,0.0348509197
mattk001,Kevin,Mattison,5,0.33937,0.067874
fukuk001,Kosuke,Fukudome,1116,37.02365,0.0331753136
bannb001,Brian,Bannister,6,0.30728,0.0512133333
mccua001,Andrew,McCutchen,2800,103.11191,0.0368256821
longe001,Evan,Longoria,2433,94.55234,0.0388624497
mcclk001,Kyle,McClellan,47,3.07119,0.0653444681
saunj001,Joe,Saunders,151,2.64705,0.0175301325
peavj001,Jake,Peavy,31,0.7133,0.0230096774
escoy001,Yunel,Escobar,2456,86.8127,0.0353471906
diazj003,Juan,Diaz,18,0.72392,0.0402177778
chapa001,Aroldis,Chapman,1,0.28016,0.28016
jay-j001,Jon,Jay,2193,85.31367,0.0389027223
romer002,Ricky,Romero,16,0.7898,0.0493625
gastj001,nan,nan,6,0.96852,0.16142
gimeh001,Hector,Gimenez,104,4.61082,0.0443348077
santh001,Hector,Santiago,6,0.01603,0.0026716667
gorda001,Alex,Gordon,2522,106.97256,0.0424157653
greet005,Taylor,Green,159,4.4011,0.0276798742
greet004,Tyler,Greene,649,21.85266,0.0336712789
philp001,Paul,Phillips,26,1.54708,0.0595030769
encae001,Edwin,Encarnacion,2219,74.93209,0.0337684047
napom001,Mike,Napoli,2129,79.41876,0.0373033161
rivem003,Mike,Rivera,24,0.41836,0.0174316667
pennb002,Brad,Penny,26,1.23684,0.0475707692
borbj001,Julio,Borbon,712,29.23367,0.0410585253
saunm001,Michael,Saunders,1568,48.72725,0.0310760523
lockj001,Jeff,Locke,71,1.08823,0.0153271831
gomem001,Mauro,Gomez,116,4.54832,0.0392096552
hoesl001,L.J.,Hoes,190,3.44044,0.0181075789
grany001,Yasmani,Grandal,349,11.13363,0.0319015186
blanh001,Henry,Blanco,497,15.04983,0.0302813481
suttd002,Drew,Sutton,240,11.32282,0.0471784167
villj001,nan,nan,253,7.54351,0.0298162451
milll002,Lastings,Milledge,430,12.94947,0.0301150465
cabre001,Everth,Cabrera,1167,34.67929,0.0297166153
gomey001,Yan,Gomes,449,20.87711,0.0464969042
davib004,Brad,Davis,127,1.58227,0.0124588189
hanir001,Ryan,Hanigan,1248,38.25929,0.0306564824
nickm001,Mike,Nickeas,198,4.76967,0.0240892424
gimec001,Chris,Gimenez,262,10.03035,0.0382837786
rhymw001,Will,Rhymes,467,17.2487,0.0369351178
ordom001,Magglio,Ordonez,751,34.83282,0.0463819174
ethia001,Andre,Ethier,2432,105.15524,0.0432381743
mesod001,Devin,Mesoraco,604,20.68596,0.0342482781
thamm001,Marcus,Thames,340,10.55296,0.0310381176
conrb001,Brooks,Conrad,430,13.02069,0.0302806744
hallb001,Bill,Hall,610,15.59735,0.0255694262
schnb001,Brian,Schneider,399,15.25824,0.038241203
vizqo001,Omar,Vizquel,794,33.41758,0.0420876322
machm001,Manny,Machado,976,37.73191,0.0386597439
watsm002,Matt,Watson,37,2.03651,0.0550408108
alfoe002,Eliezer,Alfonzo,123,2.36125,0.0191971545
pench001,Hunter,Pence,2887,108.0467,0.0374252511
zobrb001,Ben,Zobrist,2886,110.02992,0.0381254054
hensc002,Clay,Hensley,21,0.18062,0.0086009524
penar002,Ramiro,Pena,339,10.72804,0.0316461357
hammj002,Jason,Hammel,138,4.17443,0.0302494928
denoc001,Chris,Denorfia,1636,55.42953,0.0338811308
huntt001,Torii,Hunter,2721,108.10244,0.0397289379
rivej001,Juan,Rivera,1372,44.57568,0.0324895627
hochl001,Luke,Hochevar,8,0.26531,0.03316375
huffa001,Aubrey,Huff,1452,60.12258,0.0414067355
repkj001,Jason,Repko,309,11.58936,0.0375060194
lapom001,Matt,LaPorta,903,30.04951,0.0332774197
ottaa001,Adam,Ottavino,30,1.28938,0.0429793333
verlj001,Justin,Verlander,20,0.91635,0.0458175
kozmp001,Peter,Kozma,673,22.64249,0.0336441159
camem001,Mike,Cameron,456,12.43268,0.0272646491
brigr001,Reid,Brignac,754,23.85722,0.0316408753
castn001,nan,nan,18,0.64369,0.0357605556
medlk001,Kris,Medlen,144,2.3145,0.0160729167
posaj001,Jorge,Posada,915,32.56225,0.0355871585
plout001,Trevor,Plouffe,1401,44.30216,0.031621813
youne003,Eric,Young,1229,41.72314,0.0339488527
moliy001,Yadier,Molina,2396,83.78543,0.0349688773
dickr001,R.A.,Dickey,221,8.80934,0.039861267
salao001,Oscar,Salazar,153,7.59966,0.0496709804
rusic001,Chris,Rusin,33,0.76207,0.0230930303
tanak001,nan,nan,34,0.25798,0.0075876471
jackr005,Ryan,Jackson,25,0.111,0.00444
mornj001,Justin,Morneau,1909,70.89319,0.0371362965
presa001,Alex,Presley,850,25.67038,0.0302004471
hannj001,Jack,Hannahan,865,32.40242,0.0374594451
bumgm001,Madison,Bumgarner,275,11.8099,0.0429450909
dukez001,Zach,Duke,85,3.09789,0.0364457647
turnj002,Jacob,Turner,55,0.44319,0.008058
congh001,Hank,Conger,522,14.66456,0.0280930268
burns001,Sean,Burnett,3,0.73103,0.2436766667
germe001,Esteban,German,36,2.41336,0.0670377778
beltb001,Brandon,Belt,1357,45.63886,0.0336321739
burna001,A.J.,Burnett,146,3.53539,0.024215
raynj001,John,Raynor,11,0.02941,0.0026736364
olt-m001,Mike,Olt,40,1.51455,0.03786375
guerv001,Vladimir,Guerrero,1340,47.59071,0.0355154552
woodb003,Brandon,Wood,528,16.79481,0.0318083523
jackb002,Brett,Jackson,145,3.9374,0.0271544828
ramim003,Max,Ramirez,85,4.19643,0.0493697647
zimmj003,Jordan,Zimmermann,209,5.14466,0.0246155981
butlb003,Billy,Butler,2842,118.64681,0.041747646
menck001,Kevin,Mench,29,0.9703,0.0334586207
fistd001,Doug,Fister,20,0.53468,0.026734
ankir001,Rick,Ankiel,1008,31.75852,0.0315064683
nievf001,Fernando,Nieve,2,0.4466,0.2233
dejei002,Ivan,De Jesus,84,3.25632,0.0387657143
ludwr001,Ryan,Ludwick,1812,60.66585,0.0334800497
martv001,Victor,Martinez,1929,75.73956,0.0392636392
crowt001,Trevor,Crowe,718,24.58962,0.0342473816
wallb001,Brett,Wallace,1116,36.35932,0.0325800358
cloyt001,Tyler,Cloyd,36,1.9212,0.0533666667
figgc001,Chone,Figgins,1270,36.105,0.0284291339
lobaj001,Jose,Lobaton,570,25.46456,0.0446746667
bixlb001,Brian,Bixler,195,4.19694,0.0215227692
buckt001,Travis,Buck,295,12.20921,0.0413871525
outmj001,Josh,Outman,23,0.36704,0.0159582609
haegc001,Charlie,Haeger,10,0.07701,0.007701
browd004,Domonic,Brown,1063,39.46736,0.0371282785
jeted001,Derek,Jeter,2380,87.80508,0.0368928908
hughr001,Rhyne,Hughes,54,1.47186,0.0272566667
florw001,nan,nan,105,2.62104,0.0249622857
schal001,Logan,Schafer,386,11.0458,0.0286160622
buddr001,Ryan,Budde,11,0.43313,0.0393754545
sanaa001,Alex,Sanabia,49,0.58901,0.0120206122
yound003,Delmon,Young,2249,83.05503,0.0369297599
blang001,Gregor,Blanco,1325,47.49794,0.0358475019
adamd001,nan,nan,156,4.8812,0.0312897436
yound004,Delwyn,Young,211,4.14582,0.019648436
marij002,nan,nan,124,3.11494,0.0251204839
vincn001,Nick,Vincent,1,0.44967,0.44967
philk001,Kyle,Phillips,88,3.38108,0.0384213636
tillc001,Chris,Tillman,8,0.70357,0.08794625
schwc001,Chris,Schwinden,11,0.24796,0.0225418182
stanm004,Mike,Stanton,2057,62.53127,0.0303992562
hamij003,Josh,Hamilton,2664,127.81842,0.0479798874
river003,Rene,Rivera,191,5.38499,0.0281936649
oswar001,Roy,Oswalt,134,5.56177,0.0415057463
peree003,Eury,Perez,14,1.3159,0.0939928571
corbp001,Patrick,Corbin,116,5.74178,0.0494981034
peguf001,Francisco,Peguero,47,1.85617,0.0394929787
jansk001,Kenley,Jansen,3,0.79695,0.26565
wolfr001,Randy,Wolf,203,8.83336,0.0435140887
ozunm001,nan,nan,299,7.96942,0.0266535786
coopd002,David,Cooper,234,7.23367,0.0309131197
molig002,Gustavo,Molina,13,1.00413,0.0772407692
stamc001,Craig,Stammen,60,2.64877,0.0441461667
duncs001,Shelley,Duncan,865,32.27486,0.0373119769
parnb001,Bobby,Parnell,3,0.0469,0.0156333333
sierm001,Moises,Sierra,282,7.39607,0.0262271986
gyorj001,nan,nan,547,22.92873,0.0419172395
pattc001,Corey,Patterson,761,25.36981,0.0333374639
harvm001,Matt,Harvey,85,0.93991,0.0110577647
valdr002,Raul,Valdes,18,1.10341,0.0613005556
hernc005,nan,nan,138,4.135,0.0299637681
colac001,nan,nan,186,5.38197,0.0289353226
blalh001,Hank,Blalock,74,2.16737,0.0292887838
alony001,Yonder,Alonso,1154,34.59926,0.0299820277
dobbg001,Greg,Dobbs,1272,44.4006,0.0349061321
corrk001,Kevin,Correia,172,7.04161,0.040939593
gathj001,Joey,Gathright,1,0.10025,0.10025
bensj001,Joe,Benson,76,1.08963,0.0143372368
rowaa001,Aaron,Rowand,732,18.15055,0.0247958333
englj001,Jesse,English,1,0.13299,0.13299
walkn001,Neil,Walker,2337,76.15815,0.0325879974
thame001,Eric,Thames,696,24.57743,0.0353123994
torra001,Andres,Torres,1814,62.49236,0.0344500331
marrc001,Chris,Marrero,142,3.24718,0.0228674648
sheeb001,Ben,Sheets,21,0.81354,0.03874
arcio001,nan,nan,387,8.19005,0.0211629199
zimmr001,Ryan,Zimmerman,2429,86.87996,0.0357677892
derom001,Mark,DeRosa,562,20.32342,0.036162669
carrd001,D.J.,Carrasco,7,0.19233,0.0274757143
branr002,Rob,Brantly,370,12.01757,0.0324799189
vargj001,Jason,Vargas,16,1.66237,0.103898125
golsg001,Greg,Golson,35,0.5717,0.0163342857
rossc001,Cody,Ross,2020,69.33758,0.0343255347
dickc002,nan,nan,219,8.0595,0.0368013699
penaw001,Wily Mo,Pena,121,3.69513,0.0305382645
uptob001,B.J.,Upton,2459,75.55457,0.03072573
lackj001,John,Lackey,16,0.48881,0.030550625
vottj001,Joey,Votto,2700,129.21412,0.0478570815
ruizc001,Carlos,Ruiz,1785,65.61526,0.0367592493
alvah001,Henderson,Alvarez,36,0.36169,0.0100469444
romia001,Andrew,Romine,182,4.30938,0.0236779121
scotl001,Luke,Scott,1430,46.77572,0.0327102937
colob001,Bartolo,Colon,13,0.02226,0.0017123077
kaaik001,Kila,Ka'aihue,460,13.68926,0.0297592609
robit001,Trayvon,Robinson,325,11.8037,0.0363190769
browc003,Corey,Brown,45,1.27799,0.0283997778
silvc001,Carlos,Silva,40,0.95867,0.02396675
pelfm001,Mike,Pelfrey,144,2.02489,0.0140617361
moreb001,Brent,Morel,697,24.46738,0.0351038451
jakuc001,Chris,Jakubauskas,3,0.08153,0.0271766667
grosr001,nan,nan,308,8.24917,0.0267830195
estrm001,Marco,Estrada,110,2.93027,0.0266388182
hollm001,Matt,Holliday,2746,121.72749,0.0443290204
lagaj001,nan,nan,442,12.17748,0.0275508597
rossr002,Robbie,Ross,2,0.33937,0.169685
holtb002,Brock,Holt,147,7.84467,0.053365102
hoovp001,Paul,Hoover,26,0.89241,0.0343234615
browd003,Dusty,Brown,45,0.35708,0.0079351111
millc001,Corky,Miller,122,2.77354,0.0227339344
carda001,Adrian,Cardenas,72,1.6597,0.0230513889
gentc001,Craig,Gentry,779,26.78235,0.0343804236
tholj001,Josh,Thole,1134,37.46931,0.0330417196
mccom001,Mike,McCoy,395,10.84234,0.027448962
lowem001,Mike,Lowell,249,7.51097,0.0301645382
ruppc001,nan,nan,14,0.28545,0.0203892857
kalir001,Ryan,Kalish,288,11.01785,0.0382564236
bakej001,Jeff,Baker,839,26.68437,0.0318049702
ruf-d001,Darin,Ruf,337,11.07573,0.0328656677
jonea003,Adam,Jones,2718,83.53529,0.0307341023
tulot001,Troy,Tulowitzki,1952,81.74148,0.0418757582
velag002,Gil,Velazquez,68,1.21908,0.0179276471
doumr001,Ryan,Doumit,1801,48.0999,0.0267073293
snydc002,Chris,Snyder,807,22.34614,0.0276903841
harpb003,Bryce,Harper,1147,43.10268,0.0375786225
lawrb002,Brett,Lawrie,1193,37.49318,0.0314276446
dickc001,Chris,Dickerson,292,8.35147,0.0286009247
betay001,Yuniesky,Betancourt,1917,60.11076,0.0313566823
ramih003,Hanley,Ramirez,2116,76.40895,0.0361100898
delaj001,Jorge,de la Rosa,137,4.78617,0.0349355474
reynm001,Mark,Reynolds,2356,82.25512,0.034913039
drewj001,J.D.,Drew,845,33.65144,0.0398241893
kendk001,Kyle,Kendrick,202,7.92895,0.0392522277
reynm002,Matt,Reynolds,8,0.2717,0.0339625
lynnl001,Lance,Lynn,150,6.79492,0.0452994667
alleb001,Brandon,Allen,283,9.97239,0.0352381272
nix-l001,Laynce,Nix,820,27.68606,0.0337634878
halmg001,Greg,Halman,127,1.71546,0.0135075591
sweem002,Mike,Sweeney,176,5.16678,0.0293567045
quinh001,Humberto,Quintero,843,22.18077,0.0263117082
waltp001,P.J.,Walters,10,0.81837,0.081837
johne002,Elliot,Johnson,828,22.37469,0.0270225725
kouzk001,Kevin,Kouzmanoff,866,28.59523,0.0330198961
nicaj001,Juan,Nicasio,100,5.28741,0.0528741
waket001,Tim,Wakefield,11,0.4466,0.0406
iztum001,Maicer,Izturis,1506,47.28161,0.0313954914
diams001,Scott,Diamond,15,0.73512,0.049008
kenna001,Adam,Kennedy,1048,34.93239,0.0333324332
rabur001,Ryan,Raburn,1407,50.96501,0.0362224662
sosah001,Henry,Sosa,18,0.93921,0.0521783333
lirif001,Francisco,Liriano,70,0.84765,0.0121092857
peteb002,nan,nan,30,1.51838,0.0506126667
peteb001,Bryan,Petersen,552,19.57404,0.0354602174
deckj001,nan,nan,33,1.12514,0.0340951515
tabaj002,Jose,Tabata,1588,55.07262,0.0346804912
guzmc001,Cristian,Guzman,415,12.505,0.0301325301
olses001,Scott,Olsen,29,0.49475,0.0170603448
bourj001,Jason,Bourgeois,484,14.59987,0.0301650207
avila001,Alex,Avila,1858,71.31583,0.0383831163
tejam001,Miguel,Tejada,1234,38.82558,0.0314631929
tuiam001,Matt,Tuiasosopo,338,10.74207,0.0317812722
frein001,nan,nan,216,5.40969,0.0250448611
ortir002,Ramon,Ortiz,9,0.21912,0.0243466667
bonie001,Emilio,Bonifacio,1616,52.58078,0.0325376114
galaa002,Armando,Galarraga,29,1.35407,0.046692069
frank001,Kevin,Frandsen,678,22.27403,0.0328525516
humbp001,Philip,Humber,11,0.11637,0.0105790909
parrm001,Manny,Parra,43,1.66929,0.0388206977
inglj001,Joe,Inglett,194,7.41951,0.0382448969
reyng001,Greg,Reynolds,21,0.80989,0.0385661905
carrc003,Carlos,Carrasco,7,0.78597,0.1122814286
johnc003,Chris,Johnson,1896,57.64825,0.0304051951
aschc001,nan,nan,183,4.51216,0.024656612
shopk001,Kelly,Shoppach,874,25.16282,0.0287904119
beckj002,Josh,Beckett,39,0.96872,0.0248389744
ransc001,Cody,Ransom,583,17.16547,0.0294433448
coraa001,Alex,Cora,375,11.10666,0.02961776
nunee002,Eduardo,Nunez,864,29.89863,0.0346048958
garkr001,Ryan,Garko,38,0.33491,0.0088134211
evann001,Nick,Evans,239,12.61189,0.0527694142
capuc001,Chris,Capuano,180,5.78329,0.0321293889
emaub001,Brad,Emaus,44,1.08521,0.0246638636
schem001,Max,Scherzer,13,0.48881,0.0376007692
parmc001,Chris,Parmelee,643,17.59973,0.0273712753
lillb001,Brent,Lillibridge,612,24.91213,0.0407060948
herng001,Gorkys,Hernandez,180,5.75975,0.0319986111
seguj002,Jean,Segura,832,26.14925,0.031429387
rollj001,Jimmy,Rollins,2515,82.56518,0.0328290974
kempm001,Matt,Kemp,2169,90.30587,0.0416347948
voger001,Ryan,Vogelsong,172,6.01955,0.0349973837
cervf001,Francisco,Cervelli,542,25.96973,0.047914631
castj006,Jason,Castro,1048,35.96939,0.034321937
mills001,Shelby,Miller,66,3.02419,0.0458210606
jonec004,Chipper,Jones,1397,50.69603,0.0362892126
leblw001,Wade,LeBlanc,105,4.29474,0.0409022857
dirka001,Andy,Dirks,1153,49.20684,0.0426772246
saltj001,Jarrod,Saltalamacchia,1405,52.70347,0.0375113665
suppj001,Jeff,Suppan,43,0.93541,0.0217537209
greiz001,Zack,Greinke,191,5.53244,0.0289656545
florp001,Pedro,Florimon,629,19.03721,0.0302658347
noonn001,nan,nan,115,4.10977,0.0357371304
byrdm001,Marlon,Byrd,1924,67.52188,0.0350945322
kaplg001,Gabe,Kapler,149,4.84796,0.0325366443
sanct001,nan,nan,67,1.49007,0.0222398507
barnb002,Brandon,Barnes,576,16.29262,0.0282857986
cowgc001,Collin,Cowgill,388,10.31457,0.0265839433
matsk001,Kazuo,Matsui,86,1.77256,0.0206111628
frazj001,Jeff,Frazier,24,0.75506,0.0314608333
rogem001,Mark,Rogers,19,0.28545,0.0150236842
lamba001,nan,nan,34,1.15588,0.0339964706
thomj002,Jim,Thome,909,34.80159,0.0382855776
mcphd001,Dallas,McPherson,15,0.37376,0.0249173333
evera001,Adam,Everett,158,5.90773,0.0373906962
myerw001,nan,nan,398,13.54405,0.0340302764
grifa002,A.J.,Griffin,5,0.38687,0.077374
beckt001,nan,nan,8,0.31412,0.039265
peraj001,Jhonny,Peralta,2418,80.48919,0.0332875062
maiem001,Mitch,Maier,637,27.83606,0.0436986813
webbr001,Ryan,Webb,5,0.02941,0.005882
spand001,Denard,Span,2319,83.20261,0.0358786589
clipt001,Tyler,Clippard,6,0.05237,0.0087283333
tolls001,Steven,Tolleson,137,4.0331,0.0294386861
yelic001,nan,nan,281,9.89893,0.0352275089
dejed001,David,DeJesus,2007,66.60557,0.0331866318
hernf002,Felix,Hernandez,20,0.89934,0.044967
crisc001,Coco,Crisp,2129,71.65919,0.0336586144
pintj001,nan,nan,85,1.4839,0.0174576471
costm001,Mike,Costanzo,21,0.2864,0.0136380952
pujoa001,Albert,Pujols,2634,117.54439,0.0446258125
abret001,Tony,Abreu,440,13.14351,0.0298716136
mathj002,Joe,Mather,407,9.87974,0.0242745455
ely-j001,John,Ely,36,0.33588,0.00933
pedrd001,Dustin,Pedroia,2623,112.33149,0.0428255776
coleg001,nan,nan,42,2.47446,0.0589157143
roart001,nan,nan,16,0.09293,0.005808125
harrb001,Brendan,Harris,244,6.21154,0.0254571311
teahm001,Mark,Teahen,456,15.89345,0.034854057
lin-c001,Che-Hsuan,Lin,12,0.8014,0.0667833333
smoaj001,Justin,Smoak,1989,56.67008,0.0284917446
clevs001,Steve,Clevenger,254,7.22518,0.0284455906
moort002,Tyler,Moore,364,13.12969,0.0360705769
keara001,Austin,Kearns,873,32.40414,0.0371181443
perej002,nan,nan,99,2.3535,0.0237727273
hecha001,Adeiny,Hechavarria,738,15.75403,0.0213469241
pinem001,Michael,Pineda,5,0.04167,0.008334
vogts001,Stephen,Vogt,197,7.25426,0.0368236548
enrib001,Barry,Enright,53,1.35738,0.0256109434
milot001,Tom,Milone,23,1.82257,0.0792421739
vazqj001,Javier,Vazquez,72,2.61008,0.0362511111
pagnm001,Matt,Pagnozzi,107,2.82442,0.0263964486
chenb001,Bruce,Chen,11,0.24679,0.0224354545
nisht001,Tsuyoshi,Nishioka,259,8.8818,0.0342926641
doubf001,Felix,Doubront,7,0.18073,0.0258185714
sardd001,Dane,Sardinha,86,4.31443,0.0501677907
bernr001,Roger,Bernadina,1344,43.7182,0.0325284226
owinm001,Micah,Owings,36,1.77339,0.0492608333
vittj001,Josh,Vitters,114,3.69525,0.0324144737
wiggt001,Ty,Wigginton,1566,54.97337,0.0351043231
chacj001,Jhoulis,Chacin,216,5.71978,0.026480463
profj001,Jurickson,Profar,357,15.0664,0.0422028011
hutcd001,Drew,Hutchison,2,0.15097,0.075485
blanj001,Joe,Blanton,153,7.48837,0.0489435948
mahop002,Paul,Maholm,253,8.59552,0.0339743874
hillk002,Koyie,Hill,503,15.5585,0.0309314115
reyej001,Jose,Reyes,2375,72.44129,0.0305015958
minom001,Mike,Minor,179,7.12537,0.0398065363
